email,ward,district,province,order_date,delivery_date,status,total_item,total_display_price,total_warehouse_price,total_discounted_price,is_active,order_created_at,order_updated_at,order_deleted_at
userdefault@gmail.com,Điện Biên Phủ,Thanh Khê,Đà Nẵng,2024-06-20 15:27:25,2024-06-23 15:27:25,ORDER-DELIVERED,6,29870000,14653000,21991000,True,2024-06-20 00:00:00,2024-06-20 00:00:00,2024-06-20 00:00:00
userdefault@gmail.com,Trưng Nữ Vương,Hải Châu,Đà Nẵng,2024-04-01 09:30:18,2024-04-08 09:30:18,ORDER-DELIVERED,10,32979000,18255000,32840000,True,2024-04-01 00:00:00,2024-04-01 00:00:00,2024-04-01 00:00:00
userdefault@gmail.com,Trưng Nữ Vương,Hải Châu,Đà Nẵng,2024-04-01 09:30:18,2024-04-08 09:30:18,ORDER-DELIVERED,10,32979000,18255000,32840000,True,2024-04-01 00:00:00,2024-04-01 00:00:00,2024-04-01 00:00:00
userdefault@gmail.com,Trưng Nữ Vương,Hải Châu,Đà Nẵng,2024-04-01 09:30:18,2024-04-08 09:30:18,ORDER-DELIVERED,10,32979000,18255000,32840000,True,2024-04-01 00:00:00,2024-04-01 00:00:00,2024-04-01 00:00:00
userdefault@gmail.com,Trưng Nữ Vương,Hải Châu,Đà Nẵng,2024-04-01 09:30:18,2024-04-08 09:30:18,ORDER-DELIVERED,10,32979000,18255000,32840000,True,2024-04-01 00:00:00,2024-04-01 00:00:00,2024-04-01 00:00:00
userdefault@gmail.com,Trưng Nữ Vương,Hải Châu,Đà Nẵng,2024-04-01 09:30:18,2024-04-08 09:30:18,ORDER-DELIVERED,10,32979000,18255000,32840000,True,2024-04-01 00:00:00,2024-04-01 00:00:00,2024-04-01 00:00:00
userdefault@gmail.com,Trưng Nữ Vương,Hải Châu,Đà Nẵng,2024-04-01 09:30:18,2024-04-08 09:30:18,ORDER-DELIVERED,10,32979000,18255000,32840000,True,2024-04-01 00:00:00,2024-04-01 00:00:00,2024-04-01 00:00:00
userdefault@gmail.com,Trưng Nữ Vương,Hải Châu,Đà Nẵng,2024-04-01 09:30:18,2024-04-08 09:30:18,ORDER-DELIVERED,10,32979000,18255000,32840000,True,2024-04-01 00:00:00,2024-04-01 00:00:00,2024-04-01 00:00:00
userdefault@gmail.com,Trưng Nữ Vương,Hải Châu,Đà Nẵng,2024-04-01 09:30:18,2024-04-08 09:30:18,ORDER-DELIVERED,10,32979000,18255000,32840000,True,2024-04-01 00:00:00,2024-04-01 00:00:00,2024-04-01 00:00:00
userdefault@gmail.com,Trưng Nữ Vương,Hải Châu,Đà Nẵng,2024-04-01 09:30:18,2024-04-08 09:30:18,ORDER-DELIVERED,10,32979000,18255000,32840000,True,2024-04-01 00:00:00,2024-04-01 00:00:00,2024-04-01 00:00:00
userdefault@gmail.com,Trưng Nữ Vương,Hải Châu,Đà Nẵng,2024-04-01 09:30:18,2024-04-08 09:30:18,ORDER-DELIVERED,10,32979000,18255000,32840000,True,2024-04-01 00:00:00,2024-04-01 00:00:00,2024-04-01 00:00:00
userdefault@gmail.com,Trưng Nữ Vương,Hải Châu,Đà Nẵng,2024-04-03 18:09:08,2024-04-06 18:09:08,ORDER-DELIVERED,6,31767000,23273000,27523000,True,2024-04-03 00:00:00,2024-04-03 00:00:00,2024-04-03 00:00:00
userdefault@gmail.com,Trưng Nữ Vương,Hải Châu,Đà Nẵng,2024-04-03 18:09:08,2024-04-06 18:09:08,ORDER-DELIVERED,6,31767000,23273000,27523000,True,2024-04-03 00:00:00,2024-04-03 00:00:00,2024-04-03 00:00:00
userdefault@gmail.com,Trưng Nữ Vương,Hải Châu,Đà Nẵng,2024-04-03 18:09:08,2024-04-06 18:09:08,ORDER-DELIVERED,6,31767000,23273000,27523000,True,2024-04-03 00:00:00,2024-04-03 00:00:00,2024-04-03 00:00:00
userdefault@gmail.com,Trưng Nữ Vương,Hải Châu,Đà Nẵng,2024-04-03 18:09:08,2024-04-06 18:09:08,ORDER-DELIVERED,6,31767000,23273000,27523000,True,2024-04-03 00:00:00,2024-04-03 00:00:00,2024-04-03 00:00:00
userdefault@gmail.com,Trưng Nữ Vương,Hải Châu,Đà Nẵng,2024-04-03 18:09:08,2024-04-06 18:09:08,ORDER-DELIVERED,6,31767000,23273000,27523000,True,2024-04-03 00:00:00,2024-04-03 00:00:00,2024-04-03 00:00:00
userdefault@gmail.com,Trưng Nữ Vương,Hải Châu,Đà Nẵng,2024-04-03 18:09:08,2024-04-06 18:09:08,ORDER-DELIVERED,6,31767000,23273000,27523000,True,2024-04-03 00:00:00,2024-04-03 00:00:00,2024-04-03 00:00:00
userdefault@gmail.com,Trưng Nữ Vương,Hải Châu,Đà Nẵng,2024-04-03 18:09:08,2024-04-06 18:09:08,ORDER-DELIVERED,6,31767000,23273000,27523000,True,2024-04-03 00:00:00,2024-04-03 00:00:00,2024-04-03 00:00:00
userdefault@gmail.com,Trưng Nữ Vương,Hải Châu,Đà Nẵng,2024-04-03 18:09:08,2024-04-06 18:09:08,ORDER-DELIVERED,6,31767000,23273000,27523000,True,2024-04-03 00:00:00,2024-04-03 00:00:00,2024-04-03 00:00:00
userdefault@gmail.com,Trưng Nữ Vương,Hải Châu,Đà Nẵng,2024-04-04 17:01:28,2024-04-05 17:01:28,ORDER-DELIVERED,9,32939000,16259000,26937000,True,2024-04-04 00:00:00,2024-04-04 00:00:00,2024-04-04 00:00:00
userdefault@gmail.com,Trưng Nữ Vương,Hải Châu,Đà Nẵng,2024-04-04 17:01:28,2024-04-05 17:01:28,ORDER-DELIVERED,9,32939000,16259000,26937000,True,2024-04-04 00:00:00,2024-04-04 00:00:00,2024-04-04 00:00:00
userdefault@gmail.com,Trưng Nữ Vương,Hải Châu,Đà Nẵng,2024-04-04 17:01:28,2024-04-05 17:01:28,ORDER-DELIVERED,9,32939000,16259000,26937000,True,2024-04-04 00:00:00,2024-04-04 00:00:00,2024-04-04 00:00:00
userdefault@gmail.com,Trưng Nữ Vương,Hải Châu,Đà Nẵng,2024-04-04 17:01:28,2024-04-05 17:01:28,ORDER-DELIVERED,9,32939000,16259000,26937000,True,2024-04-04 00:00:00,2024-04-04 00:00:00,2024-04-04 00:00:00
userdefault@gmail.com,Trưng Nữ Vương,Hải Châu,Đà Nẵng,2024-04-05 15:44:09,2024-04-07 15:44:09,ORDER-DELIVERED,2,32352000,16264000,16827000,True,2024-04-05 00:00:00,2024-04-05 00:00:00,2024-04-05 00:00:00
userdefault@gmail.com,Trưng Nữ Vương,Hải Châu,Đà Nẵng,2024-04-05 15:44:09,2024-04-07 15:44:09,ORDER-DELIVERED,2,32352000,16264000,16827000,True,2024-04-05 00:00:00,2024-04-05 00:00:00,2024-04-05 00:00:00
userdefault@gmail.com,Trưng Nữ Vương,Hải Châu,Đà Nẵng,2024-04-06 15:25:26,2024-04-12 15:25:26,ORDER-DELIVERED,5,40357000,30903000,34503000,True,2024-04-06 00:00:00,2024-04-06 00:00:00,2024-04-06 00:00:00
userdefault@gmail.com,Trưng Nữ Vương,Hải Châu,Đà Nẵng,2024-04-06 15:25:26,2024-04-12 15:25:26,ORDER-DELIVERED,5,40357000,30903000,34503000,True,2024-04-06 00:00:00,2024-04-06 00:00:00,2024-04-06 00:00:00
userdefault@gmail.com,Trưng Nữ Vương,Hải Châu,Đà Nẵng,2024-04-06 11:44:44,2024-04-10 11:44:44,ORDER-DELIVERED,10,48084000,24446000,31818000,True,2024-04-06 00:00:00,2024-04-06 00:00:00,2024-04-06 00:00:00
userdefault@gmail.com,Trưng Nữ Vương,Hải Châu,Đà Nẵng,2024-04-06 14:23:33,2024-04-09 14:23:33,ORDER-DELIVERED,2,47222000,10730000,38168000,True,2024-04-06 00:00:00,2024-04-06 00:00:00,2024-04-06 00:00:00
userdefault@gmail.com,Trưng Nữ Vương,Hải Châu,Đà Nẵng,2024-04-06 14:23:33,2024-04-09 14:23:33,ORDER-DELIVERED,2,47222000,10730000,38168000,True,2024-04-06 00:00:00,2024-04-06 00:00:00,2024-04-06 00:00:00
userdefault@gmail.com,Trưng Nữ Vương,Hải Châu,Đà Nẵng,2024-04-06 14:23:33,2024-04-09 14:23:33,ORDER-DELIVERED,2,47222000,10730000,38168000,True,2024-04-06 00:00:00,2024-04-06 00:00:00,2024-04-06 00:00:00
userdefault@gmail.com,Trưng Nữ Vương,Hải Châu,Đà Nẵng,2024-04-06 14:23:33,2024-04-09 14:23:33,ORDER-DELIVERED,2,47222000,10730000,38168000,True,2024-04-06 00:00:00,2024-04-06 00:00:00,2024-04-06 00:00:00
userdefault@gmail.com,Trưng Nữ Vương,Hải Châu,Đà Nẵng,2024-04-06 14:23:33,2024-04-09 14:23:33,ORDER-DELIVERED,2,47222000,10730000,38168000,True,2024-04-06 00:00:00,2024-04-06 00:00:00,2024-04-06 00:00:00
userdefault@gmail.com,Trưng Nữ Vương,Hải Châu,Đà Nẵng,2024-04-06 14:23:33,2024-04-09 14:23:33,ORDER-DELIVERED,2,47222000,10730000,38168000,True,2024-04-06 00:00:00,2024-04-06 00:00:00,2024-04-06 00:00:00
userdefault@gmail.com,Trưng Nữ Vương,Hải Châu,Đà Nẵng,2024-04-06 14:23:33,2024-04-09 14:23:33,ORDER-DELIVERED,2,47222000,10730000,38168000,True,2024-04-06 00:00:00,2024-04-06 00:00:00,2024-04-06 00:00:00
userdefault@gmail.com,Trưng Nữ Vương,Hải Châu,Đà Nẵng,2024-04-08 18:00:25,2024-04-11 18:00:25,ORDER-DELIVERED,10,43858000,8915000,9337000,True,2024-04-08 00:00:00,2024-04-08 00:00:00,2024-04-08 00:00:00
userdefault@gmail.com,Trưng Nữ Vương,Hải Châu,Đà Nẵng,2024-04-08 13:20:53,2024-04-09 13:20:53,ORDER-DELIVERED,2,39740000,24931000,25961000,True,2024-04-08 00:00:00,2024-04-08 00:00:00,2024-04-08 00:00:00
userdefault@gmail.com,Trưng Nữ Vương,Hải Châu,Đà Nẵng,2024-04-08 13:20:53,2024-04-09 13:20:53,ORDER-DELIVERED,2,39740000,24931000,25961000,True,2024-04-08 00:00:00,2024-04-08 00:00:00,2024-04-08 00:00:00
userdefault@gmail.com,Trưng Nữ Vương,Hải Châu,Đà Nẵng,2024-04-08 12:33:29,2024-04-14 12:33:29,ORDER-DELIVERED,7,48196000,16855000,31716000,True,2024-04-08 00:00:00,2024-04-08 00:00:00,2024-04-08 00:00:00
userdefault@gmail.com,Trưng Nữ Vương,Hải Châu,Đà Nẵng,2024-04-08 12:33:29,2024-04-14 12:33:29,ORDER-DELIVERED,7,48196000,16855000,31716000,True,2024-04-08 00:00:00,2024-04-08 00:00:00,2024-04-08 00:00:00
userdefault@gmail.com,Trưng Nữ Vương,Hải Châu,Đà Nẵng,2024-04-09 09:58:16,2024-04-11 09:58:16,ORDER-DELIVERED,7,36449000,24842000,28194000,True,2024-04-09 00:00:00,2024-04-09 00:00:00,2024-04-09 00:00:00
userdefault@gmail.com,Trưng Nữ Vương,Hải Châu,Đà Nẵng,2024-04-09 11:08:18,2024-04-15 11:08:18,ORDER-DELIVERED,9,44586000,16072000,29885000,True,2024-04-09 00:00:00,2024-04-09 00:00:00,2024-04-09 00:00:00
userdefault@gmail.com,Trưng Nữ Vương,Hải Châu,Đà Nẵng,2024-04-09 11:08:18,2024-04-15 11:08:18,ORDER-DELIVERED,9,44586000,16072000,29885000,True,2024-04-09 00:00:00,2024-04-09 00:00:00,2024-04-09 00:00:00
userdefault@gmail.com,Trưng Nữ Vương,Hải Châu,Đà Nẵng,2024-04-09 11:08:18,2024-04-15 11:08:18,ORDER-DELIVERED,9,44586000,16072000,29885000,True,2024-04-09 00:00:00,2024-04-09 00:00:00,2024-04-09 00:00:00
userdefault@gmail.com,Trưng Nữ Vương,Hải Châu,Đà Nẵng,2024-04-09 11:08:18,2024-04-15 11:08:18,ORDER-DELIVERED,9,44586000,16072000,29885000,True,2024-04-09 00:00:00,2024-04-09 00:00:00,2024-04-09 00:00:00
userdefault@gmail.com,Trưng Nữ Vương,Hải Châu,Đà Nẵng,2024-04-09 11:08:18,2024-04-15 11:08:18,ORDER-DELIVERED,9,44586000,16072000,29885000,True,2024-04-09 00:00:00,2024-04-09 00:00:00,2024-04-09 00:00:00
userdefault@gmail.com,Trưng Nữ Vương,Hải Châu,Đà Nẵng,2024-04-10 16:34:18,2024-04-11 16:34:18,ORDER-DELIVERED,8,46276000,24570000,44781000,True,2024-04-10 00:00:00,2024-04-10 00:00:00,2024-04-10 00:00:00
userdefault@gmail.com,Trưng Nữ Vương,Hải Châu,Đà Nẵng,2024-04-10 16:34:18,2024-04-11 16:34:18,ORDER-DELIVERED,8,46276000,24570000,44781000,True,2024-04-10 00:00:00,2024-04-10 00:00:00,2024-04-10 00:00:00
userdefault@gmail.com,Trưng Nữ Vương,Hải Châu,Đà Nẵng,2024-04-10 16:34:18,2024-04-11 16:34:18,ORDER-DELIVERED,8,46276000,24570000,44781000,True,2024-04-10 00:00:00,2024-04-10 00:00:00,2024-04-10 00:00:00
userdefault@gmail.com,Trưng Nữ Vương,Hải Châu,Đà Nẵng,2024-04-10 16:34:18,2024-04-11 16:34:18,ORDER-DELIVERED,8,46276000,24570000,44781000,True,2024-04-10 00:00:00,2024-04-10 00:00:00,2024-04-10 00:00:00
userdefault@gmail.com,Trưng Nữ Vương,Hải Châu,Đà Nẵng,2024-04-10 16:34:18,2024-04-11 16:34:18,ORDER-DELIVERED,8,46276000,24570000,44781000,True,2024-04-10 00:00:00,2024-04-10 00:00:00,2024-04-10 00:00:00
userdefault@gmail.com,Trưng Nữ Vương,Hải Châu,Đà Nẵng,2024-04-10 16:34:18,2024-04-11 16:34:18,ORDER-DELIVERED,8,46276000,24570000,44781000,True,2024-04-10 00:00:00,2024-04-10 00:00:00,2024-04-10 00:00:00
userdefault@gmail.com,Trưng Nữ Vương,Hải Châu,Đà Nẵng,2024-04-10 16:34:18,2024-04-11 16:34:18,ORDER-DELIVERED,8,46276000,24570000,44781000,True,2024-04-10 00:00:00,2024-04-10 00:00:00,2024-04-10 00:00:00
userdefault@gmail.com,Trưng Nữ Vương,Hải Châu,Đà Nẵng,2024-04-11 17:17:23,2024-04-13 17:17:23,ORDER-DELIVERED,3,47670000,13757000,15357000,True,2024-04-11 00:00:00,2024-04-11 00:00:00,2024-04-11 00:00:00
userdefault@gmail.com,Trưng Nữ Vương,Hải Châu,Đà Nẵng,2024-04-11 19:46:03,2024-04-18 19:46:03,ORDER-DELIVERED,10,41338000,32029000,38014000,True,2024-04-11 00:00:00,2024-04-11 00:00:00,2024-04-11 00:00:00
userdefault@gmail.com,Trưng Nữ Vương,Hải Châu,Đà Nẵng,2024-04-12 17:02:51,2024-04-16 17:02:51,ORDER-DELIVERED,4,37891000,11936000,36487000,True,2024-04-12 00:00:00,2024-04-12 00:00:00,2024-04-12 00:00:00
userdefault@gmail.com,Trưng Nữ Vương,Hải Châu,Đà Nẵng,2024-04-12 17:02:51,2024-04-16 17:02:51,ORDER-DELIVERED,4,37891000,11936000,36487000,True,2024-04-12 00:00:00,2024-04-12 00:00:00,2024-04-12 00:00:00
userdefault@gmail.com,Trưng Nữ Vương,Hải Châu,Đà Nẵng,2024-04-12 17:02:51,2024-04-16 17:02:51,ORDER-DELIVERED,4,37891000,11936000,36487000,True,2024-04-12 00:00:00,2024-04-12 00:00:00,2024-04-12 00:00:00
userdefault@gmail.com,Trưng Nữ Vương,Hải Châu,Đà Nẵng,2024-04-12 07:54:50,2024-04-14 07:54:50,ORDER-DELIVERED,9,41542000,24173000,37238000,True,2024-04-12 00:00:00,2024-04-12 00:00:00,2024-04-12 00:00:00
userdefault@gmail.com,Trưng Nữ Vương,Hải Châu,Đà Nẵng,2024-04-12 07:54:50,2024-04-14 07:54:50,ORDER-DELIVERED,9,41542000,24173000,37238000,True,2024-04-12 00:00:00,2024-04-12 00:00:00,2024-04-12 00:00:00
userdefault@gmail.com,Trưng Nữ Vương,Hải Châu,Đà Nẵng,2024-04-13 09:14:08,2024-04-14 09:14:08,ORDER-DELIVERED,10,47079000,9797000,36860000,True,2024-04-13 00:00:00,2024-04-13 00:00:00,2024-04-13 00:00:00
userdefault@gmail.com,Trưng Nữ Vương,Hải Châu,Đà Nẵng,2024-04-13 13:07:41,2024-04-17 13:07:41,ORDER-DELIVERED,3,44831000,19645000,40198000,True,2024-04-13 00:00:00,2024-04-13 00:00:00,2024-04-13 00:00:00
userdefault@gmail.com,Trưng Nữ Vương,Hải Châu,Đà Nẵng,2024-04-13 13:07:41,2024-04-17 13:07:41,ORDER-DELIVERED,3,44831000,19645000,40198000,True,2024-04-13 00:00:00,2024-04-13 00:00:00,2024-04-13 00:00:00
userdefault@gmail.com,Trưng Nữ Vương,Hải Châu,Đà Nẵng,2024-04-13 13:07:41,2024-04-17 13:07:41,ORDER-DELIVERED,3,44831000,19645000,40198000,True,2024-04-13 00:00:00,2024-04-13 00:00:00,2024-04-13 00:00:00
userdefault@gmail.com,Trưng Nữ Vương,Hải Châu,Đà Nẵng,2024-04-13 13:07:41,2024-04-17 13:07:41,ORDER-DELIVERED,3,44831000,19645000,40198000,True,2024-04-13 00:00:00,2024-04-13 00:00:00,2024-04-13 00:00:00
userdefault@gmail.com,Trưng Nữ Vương,Hải Châu,Đà Nẵng,2024-04-13 13:07:41,2024-04-17 13:07:41,ORDER-DELIVERED,3,44831000,19645000,40198000,True,2024-04-13 00:00:00,2024-04-13 00:00:00,2024-04-13 00:00:00
userdefault@gmail.com,Trưng Nữ Vương,Hải Châu,Đà Nẵng,2024-04-14 08:01:54,2024-04-19 08:01:54,ORDER-DELIVERED,5,44870000,22551000,44849000,True,2024-04-14 00:00:00,2024-04-14 00:00:00,2024-04-14 00:00:00
userdefault@gmail.com,Trưng Nữ Vương,Hải Châu,Đà Nẵng,2024-04-14 08:01:54,2024-04-19 08:01:54,ORDER-DELIVERED,5,44870000,22551000,44849000,True,2024-04-14 00:00:00,2024-04-14 00:00:00,2024-04-14 00:00:00
userdefault@gmail.com,Trưng Nữ Vương,Hải Châu,Đà Nẵng,2024-04-14 15:32:31,2024-04-19 15:32:31,ORDER-DELIVERED,3,41765000,23515000,36152000,True,2024-04-14 00:00:00,2024-04-14 00:00:00,2024-04-14 00:00:00
userdefault@gmail.com,Trưng Nữ Vương,Hải Châu,Đà Nẵng,2024-04-14 09:53:38,2024-04-15 09:53:38,ORDER-DELIVERED,6,48233000,13999000,40377000,True,2024-04-14 00:00:00,2024-04-14 00:00:00,2024-04-14 00:00:00
userdefault@gmail.com,Trưng Nữ Vương,Hải Châu,Đà Nẵng,2024-04-14 09:53:38,2024-04-15 09:53:38,ORDER-DELIVERED,6,48233000,13999000,40377000,True,2024-04-14 00:00:00,2024-04-14 00:00:00,2024-04-14 00:00:00
userdefault@gmail.com,Trưng Nữ Vương,Hải Châu,Đà Nẵng,2024-04-15 17:25:43,2024-04-20 17:25:43,ORDER-DELIVERED,9,38987000,11661000,34195000,True,2024-04-15 00:00:00,2024-04-15 00:00:00,2024-04-15 00:00:00
userdefault@gmail.com,Trưng Nữ Vương,Hải Châu,Đà Nẵng,2024-04-15 17:25:43,2024-04-20 17:25:43,ORDER-DELIVERED,9,38987000,11661000,34195000,True,2024-04-15 00:00:00,2024-04-15 00:00:00,2024-04-15 00:00:00
userdefault@gmail.com,Trưng Nữ Vương,Hải Châu,Đà Nẵng,2024-04-15 17:25:43,2024-04-20 17:25:43,ORDER-DELIVERED,9,38987000,11661000,34195000,True,2024-04-15 00:00:00,2024-04-15 00:00:00,2024-04-15 00:00:00
userdefault@gmail.com,Trưng Nữ Vương,Hải Châu,Đà Nẵng,2024-04-15 17:25:43,2024-04-20 17:25:43,ORDER-DELIVERED,9,38987000,11661000,34195000,True,2024-04-15 00:00:00,2024-04-15 00:00:00,2024-04-15 00:00:00
userdefault@gmail.com,Trưng Nữ Vương,Hải Châu,Đà Nẵng,2024-04-16 15:23:23,2024-04-18 15:23:23,ORDER-DELIVERED,1,45829000,10306000,28172000,True,2024-04-16 00:00:00,2024-04-16 00:00:00,2024-04-16 00:00:00
userdefault@gmail.com,Trưng Nữ Vương,Hải Châu,Đà Nẵng,2024-04-16 15:23:23,2024-04-18 15:23:23,ORDER-DELIVERED,1,45829000,10306000,28172000,True,2024-04-16 00:00:00,2024-04-16 00:00:00,2024-04-16 00:00:00
userdefault@gmail.com,Trưng Nữ Vương,Hải Châu,Đà Nẵng,2024-04-16 15:23:23,2024-04-18 15:23:23,ORDER-DELIVERED,1,45829000,10306000,28172000,True,2024-04-16 00:00:00,2024-04-16 00:00:00,2024-04-16 00:00:00
userdefault@gmail.com,Trưng Nữ Vương,Hải Châu,Đà Nẵng,2024-04-16 15:23:23,2024-04-18 15:23:23,ORDER-DELIVERED,1,45829000,10306000,28172000,True,2024-04-16 00:00:00,2024-04-16 00:00:00,2024-04-16 00:00:00
userdefault@gmail.com,Trưng Nữ Vương,Hải Châu,Đà Nẵng,2024-04-16 15:23:23,2024-04-18 15:23:23,ORDER-DELIVERED,1,45829000,10306000,28172000,True,2024-04-16 00:00:00,2024-04-16 00:00:00,2024-04-16 00:00:00
userdefault@gmail.com,Trưng Nữ Vương,Hải Châu,Đà Nẵng,2024-04-17 17:44:49,2024-04-22 17:44:49,ORDER-DELIVERED,7,43833000,8445000,17673000,True,2024-04-17 00:00:00,2024-04-17 00:00:00,2024-04-17 00:00:00
userdefault@gmail.com,Trưng Nữ Vương,Hải Châu,Đà Nẵng,2024-04-17 17:44:49,2024-04-22 17:44:49,ORDER-DELIVERED,7,43833000,8445000,17673000,True,2024-04-17 00:00:00,2024-04-17 00:00:00,2024-04-17 00:00:00
userdefault@gmail.com,Trưng Nữ Vương,Hải Châu,Đà Nẵng,2024-04-17 17:44:49,2024-04-22 17:44:49,ORDER-DELIVERED,7,43833000,8445000,17673000,True,2024-04-17 00:00:00,2024-04-17 00:00:00,2024-04-17 00:00:00
userdefault@gmail.com,Trưng Nữ Vương,Hải Châu,Đà Nẵng,2024-04-17 17:44:49,2024-04-22 17:44:49,ORDER-DELIVERED,7,43833000,8445000,17673000,True,2024-04-17 00:00:00,2024-04-17 00:00:00,2024-04-17 00:00:00
userdefault@gmail.com,Trưng Nữ Vương,Hải Châu,Đà Nẵng,2024-04-17 16:00:06,2024-04-18 16:00:06,ORDER-DELIVERED,6,39139000,8000000,27217000,True,2024-04-17 00:00:00,2024-04-17 00:00:00,2024-04-17 00:00:00
userdefault@gmail.com,Trưng Nữ Vương,Hải Châu,Đà Nẵng,2024-04-17 16:00:06,2024-04-18 16:00:06,ORDER-DELIVERED,6,39139000,8000000,27217000,True,2024-04-17 00:00:00,2024-04-17 00:00:00,2024-04-17 00:00:00
userdefault@gmail.com,Trưng Nữ Vương,Hải Châu,Đà Nẵng,2024-04-17 16:00:06,2024-04-18 16:00:06,ORDER-DELIVERED,6,39139000,8000000,27217000,True,2024-04-17 00:00:00,2024-04-17 00:00:00,2024-04-17 00:00:00
userdefault@gmail.com,Trưng Nữ Vương,Hải Châu,Đà Nẵng,2024-04-17 16:00:06,2024-04-18 16:00:06,ORDER-DELIVERED,6,39139000,8000000,27217000,True,2024-04-17 00:00:00,2024-04-17 00:00:00,2024-04-17 00:00:00
userdefault@gmail.com,Trưng Nữ Vương,Hải Châu,Đà Nẵng,2024-04-18 09:42:01,2024-04-25 09:42:01,ORDER-DELIVERED,2,45360000,14146000,40935000,True,2024-04-18 00:00:00,2024-04-18 00:00:00,2024-04-18 00:00:00
userdefault@gmail.com,Trưng Nữ Vương,Hải Châu,Đà Nẵng,2024-04-18 08:46:48,2024-04-19 08:46:48,ORDER-DELIVERED,9,36139000,14994000,34340000,True,2024-04-18 00:00:00,2024-04-18 00:00:00,2024-04-18 00:00:00
userdefault@gmail.com,Trưng Nữ Vương,Hải Châu,Đà Nẵng,2024-04-18 08:46:48,2024-04-19 08:46:48,ORDER-DELIVERED,9,36139000,14994000,34340000,True,2024-04-18 00:00:00,2024-04-18 00:00:00,2024-04-18 00:00:00
userdefault@gmail.com,Trưng Nữ Vương,Hải Châu,Đà Nẵng,2024-04-18 08:46:48,2024-04-19 08:46:48,ORDER-DELIVERED,9,36139000,14994000,34340000,True,2024-04-18 00:00:00,2024-04-18 00:00:00,2024-04-18 00:00:00
userdefault@gmail.com,Trưng Nữ Vương,Hải Châu,Đà Nẵng,2024-04-18 08:46:48,2024-04-19 08:46:48,ORDER-DELIVERED,9,36139000,14994000,34340000,True,2024-04-18 00:00:00,2024-04-18 00:00:00,2024-04-18 00:00:00
userdefault@gmail.com,Trưng Nữ Vương,Hải Châu,Đà Nẵng,2024-04-18 08:46:48,2024-04-19 08:46:48,ORDER-DELIVERED,9,36139000,14994000,34340000,True,2024-04-18 00:00:00,2024-04-18 00:00:00,2024-04-18 00:00:00
userdefault@gmail.com,Trưng Nữ Vương,Hải Châu,Đà Nẵng,2024-04-18 08:46:48,2024-04-19 08:46:48,ORDER-DELIVERED,9,36139000,14994000,34340000,True,2024-04-18 00:00:00,2024-04-18 00:00:00,2024-04-18 00:00:00
userdefault@gmail.com,Trưng Nữ Vương,Hải Châu,Đà Nẵng,2024-04-18 08:46:48,2024-04-19 08:46:48,ORDER-DELIVERED,9,36139000,14994000,34340000,True,2024-04-18 00:00:00,2024-04-18 00:00:00,2024-04-18 00:00:00
userdefault@gmail.com,Trưng Nữ Vương,Hải Châu,Đà Nẵng,2024-04-18 08:46:48,2024-04-19 08:46:48,ORDER-DELIVERED,9,36139000,14994000,34340000,True,2024-04-18 00:00:00,2024-04-18 00:00:00,2024-04-18 00:00:00
userdefault@gmail.com,Trưng Nữ Vương,Hải Châu,Đà Nẵng,2024-04-18 08:46:48,2024-04-19 08:46:48,ORDER-DELIVERED,9,36139000,14994000,34340000,True,2024-04-18 00:00:00,2024-04-18 00:00:00,2024-04-18 00:00:00
userdefault@gmail.com,Trưng Nữ Vương,Hải Châu,Đà Nẵng,2024-04-18 08:46:48,2024-04-19 08:46:48,ORDER-DELIVERED,9,36139000,14994000,34340000,True,2024-04-18 00:00:00,2024-04-18 00:00:00,2024-04-18 00:00:00
userdefault@gmail.com,Trưng Nữ Vương,Hải Châu,Đà Nẵng,2024-04-18 08:46:48,2024-04-19 08:46:48,ORDER-DELIVERED,9,36139000,14994000,34340000,True,2024-04-18 00:00:00,2024-04-18 00:00:00,2024-04-18 00:00:00
userdefault@gmail.com,Trưng Nữ Vương,Hải Châu,Đà Nẵng,2024-04-18 08:46:48,2024-04-19 08:46:48,ORDER-DELIVERED,9,36139000,14994000,34340000,True,2024-04-18 00:00:00,2024-04-18 00:00:00,2024-04-18 00:00:00
userdefault@gmail.com,Trưng Nữ Vương,Hải Châu,Đà Nẵng,2024-04-18 08:46:48,2024-04-19 08:46:48,ORDER-DELIVERED,9,36139000,14994000,34340000,True,2024-04-18 00:00:00,2024-04-18 00:00:00,2024-04-18 00:00:00
userdefault@gmail.com,Trưng Nữ Vương,Hải Châu,Đà Nẵng,2024-04-18 08:46:48,2024-04-19 08:46:48,ORDER-DELIVERED,9,36139000,14994000,34340000,True,2024-04-18 00:00:00,2024-04-18 00:00:00,2024-04-18 00:00:00
userdefault@gmail.com,Trưng Nữ Vương,Hải Châu,Đà Nẵng,2024-04-21 10:19:41,2024-04-26 10:19:41,ORDER-DELIVERED,5,40809000,32330000,33225000,True,2024-04-21 00:00:00,2024-04-21 00:00:00,2024-04-21 00:00:00
userdefault@gmail.com,Trưng Nữ Vương,Hải Châu,Đà Nẵng,2024-04-21 19:18:09,2024-04-26 19:18:09,ORDER-DELIVERED,4,23533000,13039000,15752000,True,2024-04-21 00:00:00,2024-04-21 00:00:00,2024-04-21 00:00:00
userdefault@gmail.com,Trưng Nữ Vương,Hải Châu,Đà Nẵng,2024-04-22 17:43:00,2024-04-24 17:43:00,ORDER-DELIVERED,6,47692000,9732000,32934000,True,2024-04-22 00:00:00,2024-04-22 00:00:00,2024-04-22 00:00:00
userdefault@gmail.com,Trưng Nữ Vương,Hải Châu,Đà Nẵng,2024-04-22 17:43:00,2024-04-24 17:43:00,ORDER-DELIVERED,6,47692000,9732000,32934000,True,2024-04-22 00:00:00,2024-04-22 00:00:00,2024-04-22 00:00:00
userdefault@gmail.com,Trưng Nữ Vương,Hải Châu,Đà Nẵng,2024-04-22 17:43:00,2024-04-24 17:43:00,ORDER-DELIVERED,6,47692000,9732000,32934000,True,2024-04-22 00:00:00,2024-04-22 00:00:00,2024-04-22 00:00:00
userdefault@gmail.com,Trưng Nữ Vương,Hải Châu,Đà Nẵng,2024-04-22 18:19:27,2024-04-28 18:19:27,ORDER-DELIVERED,5,35273000,31023000,32735000,True,2024-04-22 00:00:00,2024-04-22 00:00:00,2024-04-22 00:00:00
userdefault@gmail.com,Trưng Nữ Vương,Hải Châu,Đà Nẵng,2024-04-22 18:19:27,2024-04-28 18:19:27,ORDER-DELIVERED,5,35273000,31023000,32735000,True,2024-04-22 00:00:00,2024-04-22 00:00:00,2024-04-22 00:00:00
userdefault@gmail.com,Trưng Nữ Vương,Hải Châu,Đà Nẵng,2024-04-22 18:19:27,2024-04-28 18:19:27,ORDER-DELIVERED,5,35273000,31023000,32735000,True,2024-04-22 00:00:00,2024-04-22 00:00:00,2024-04-22 00:00:00
userdefault@gmail.com,Trưng Nữ Vương,Hải Châu,Đà Nẵng,2024-04-23 18:14:50,2024-04-27 18:14:50,ORDER-DELIVERED,10,41405000,10451000,28599000,True,2024-04-23 00:00:00,2024-04-23 00:00:00,2024-04-23 00:00:00
userdefault@gmail.com,Trưng Nữ Vương,Hải Châu,Đà Nẵng,2024-04-23 18:14:50,2024-04-27 18:14:50,ORDER-DELIVERED,10,41405000,10451000,28599000,True,2024-04-23 00:00:00,2024-04-23 00:00:00,2024-04-23 00:00:00
userdefault@gmail.com,Trưng Nữ Vương,Hải Châu,Đà Nẵng,2024-04-23 11:57:26,2024-04-25 11:57:26,ORDER-DELIVERED,4,39676000,22855000,36654000,True,2024-04-23 00:00:00,2024-04-23 00:00:00,2024-04-23 00:00:00
userdefault@gmail.com,Trưng Nữ Vương,Hải Châu,Đà Nẵng,2024-04-23 11:57:26,2024-04-25 11:57:26,ORDER-DELIVERED,4,39676000,22855000,36654000,True,2024-04-23 00:00:00,2024-04-23 00:00:00,2024-04-23 00:00:00
userdefault@gmail.com,Trưng Nữ Vương,Hải Châu,Đà Nẵng,2024-04-23 11:57:26,2024-04-25 11:57:26,ORDER-DELIVERED,4,39676000,22855000,36654000,True,2024-04-23 00:00:00,2024-04-23 00:00:00,2024-04-23 00:00:00
userdefault@gmail.com,Trưng Nữ Vương,Hải Châu,Đà Nẵng,2024-04-24 11:24:55,2024-04-26 11:24:55,ORDER-DELIVERED,6,33015000,22261000,29975000,True,2024-04-24 00:00:00,2024-04-24 00:00:00,2024-04-24 00:00:00
userdefault@gmail.com,Trưng Nữ Vương,Hải Châu,Đà Nẵng,2024-04-24 11:24:55,2024-04-26 11:24:55,ORDER-DELIVERED,6,33015000,22261000,29975000,True,2024-04-24 00:00:00,2024-04-24 00:00:00,2024-04-24 00:00:00
userdefault@gmail.com,Trưng Nữ Vương,Hải Châu,Đà Nẵng,2024-04-24 11:24:55,2024-04-26 11:24:55,ORDER-DELIVERED,6,33015000,22261000,29975000,True,2024-04-24 00:00:00,2024-04-24 00:00:00,2024-04-24 00:00:00
userdefault@gmail.com,Trưng Nữ Vương,Hải Châu,Đà Nẵng,2024-04-24 11:24:55,2024-04-26 11:24:55,ORDER-DELIVERED,6,33015000,22261000,29975000,True,2024-04-24 00:00:00,2024-04-24 00:00:00,2024-04-24 00:00:00
userdefault@gmail.com,Trưng Nữ Vương,Hải Châu,Đà Nẵng,2024-04-24 11:24:55,2024-04-26 11:24:55,ORDER-DELIVERED,6,33015000,22261000,29975000,True,2024-04-24 00:00:00,2024-04-24 00:00:00,2024-04-24 00:00:00
userdefault@gmail.com,Trưng Nữ Vương,Hải Châu,Đà Nẵng,2024-04-24 11:24:55,2024-04-26 11:24:55,ORDER-DELIVERED,6,33015000,22261000,29975000,True,2024-04-24 00:00:00,2024-04-24 00:00:00,2024-04-24 00:00:00
userdefault@gmail.com,Trưng Nữ Vương,Hải Châu,Đà Nẵng,2024-04-24 11:24:55,2024-04-26 11:24:55,ORDER-DELIVERED,6,33015000,22261000,29975000,True,2024-04-24 00:00:00,2024-04-24 00:00:00,2024-04-24 00:00:00
userdefault@gmail.com,Trưng Nữ Vương,Hải Châu,Đà Nẵng,2024-04-24 11:24:55,2024-04-26 11:24:55,ORDER-DELIVERED,6,33015000,22261000,29975000,True,2024-04-24 00:00:00,2024-04-24 00:00:00,2024-04-24 00:00:00
userdefault@gmail.com,Trưng Nữ Vương,Hải Châu,Đà Nẵng,2024-04-24 11:24:55,2024-04-26 11:24:55,ORDER-DELIVERED,6,33015000,22261000,29975000,True,2024-04-24 00:00:00,2024-04-24 00:00:00,2024-04-24 00:00:00
userdefault@gmail.com,Trưng Nữ Vương,Hải Châu,Đà Nẵng,2024-04-24 11:24:55,2024-04-26 11:24:55,ORDER-DELIVERED,6,33015000,22261000,29975000,True,2024-04-24 00:00:00,2024-04-24 00:00:00,2024-04-24 00:00:00
userdefault@gmail.com,Trưng Nữ Vương,Hải Châu,Đà Nẵng,2024-04-26 11:42:41,2024-05-01 11:42:41,ORDER-DELIVERED,10,47683000,24479000,38899000,True,2024-04-26 00:00:00,2024-04-26 00:00:00,2024-04-26 00:00:00
userdefault@gmail.com,Trưng Nữ Vương,Hải Châu,Đà Nẵng,2024-04-26 11:42:41,2024-05-01 11:42:41,ORDER-DELIVERED,10,47683000,24479000,38899000,True,2024-04-26 00:00:00,2024-04-26 00:00:00,2024-04-26 00:00:00
userdefault@gmail.com,Trưng Nữ Vương,Hải Châu,Đà Nẵng,2024-04-26 13:30:12,2024-04-29 13:30:12,ORDER-DELIVERED,3,48732000,18370000,18797000,True,2024-04-26 00:00:00,2024-04-26 00:00:00,2024-04-26 00:00:00
userdefault@gmail.com,Trưng Nữ Vương,Hải Châu,Đà Nẵng,2024-04-26 18:55:17,2024-04-28 18:55:17,ORDER-DELIVERED,8,38400000,20331000,29741000,True,2024-04-26 00:00:00,2024-04-26 00:00:00,2024-04-26 00:00:00
userdefault@gmail.com,Trưng Nữ Vương,Hải Châu,Đà Nẵng,2024-04-27 08:05:25,2024-04-29 08:05:25,ORDER-DELIVERED,5,48983000,16434000,28441000,True,2024-04-27 00:00:00,2024-04-27 00:00:00,2024-04-27 00:00:00
userdefault@gmail.com,Trưng Nữ Vương,Hải Châu,Đà Nẵng,2024-04-27 08:05:25,2024-04-29 08:05:25,ORDER-DELIVERED,5,48983000,16434000,28441000,True,2024-04-27 00:00:00,2024-04-27 00:00:00,2024-04-27 00:00:00
userdefault@gmail.com,Trưng Nữ Vương,Hải Châu,Đà Nẵng,2024-04-27 08:05:25,2024-04-29 08:05:25,ORDER-DELIVERED,5,48983000,16434000,28441000,True,2024-04-27 00:00:00,2024-04-27 00:00:00,2024-04-27 00:00:00
userdefault@gmail.com,Trưng Nữ Vương,Hải Châu,Đà Nẵng,2024-04-27 12:12:48,2024-05-01 12:12:48,ORDER-DELIVERED,7,42090000,11683000,18574000,True,2024-04-27 00:00:00,2024-04-27 00:00:00,2024-04-27 00:00:00
userdefault@gmail.com,Trưng Nữ Vương,Hải Châu,Đà Nẵng,2024-04-27 12:12:48,2024-05-01 12:12:48,ORDER-DELIVERED,7,42090000,11683000,18574000,True,2024-04-27 00:00:00,2024-04-27 00:00:00,2024-04-27 00:00:00
userdefault@gmail.com,Trưng Nữ Vương,Hải Châu,Đà Nẵng,2024-04-28 07:03:10,2024-05-02 07:03:10,ORDER-DELIVERED,5,33102000,15392000,29284000,True,2024-04-28 00:00:00,2024-04-28 00:00:00,2024-04-28 00:00:00
userdefault@gmail.com,Trưng Nữ Vương,Hải Châu,Đà Nẵng,2024-04-28 07:03:10,2024-05-02 07:03:10,ORDER-DELIVERED,5,33102000,15392000,29284000,True,2024-04-28 00:00:00,2024-04-28 00:00:00,2024-04-28 00:00:00
userdefault@gmail.com,Trưng Nữ Vương,Hải Châu,Đà Nẵng,2024-04-28 12:08:02,2024-04-29 12:08:02,ORDER-DELIVERED,6,48248000,12556000,20150000,True,2024-04-28 00:00:00,2024-04-28 00:00:00,2024-04-28 00:00:00
userdefault@gmail.com,Trưng Nữ Vương,Hải Châu,Đà Nẵng,2024-04-28 07:08:54,2024-05-02 07:08:54,ORDER-DELIVERED,9,27204000,20974000,21503000,True,2024-04-28 00:00:00,2024-04-28 00:00:00,2024-04-28 00:00:00
userdefault@gmail.com,Trưng Nữ Vương,Hải Châu,Đà Nẵng,2024-04-28 11:58:44,2024-05-03 11:58:44,ORDER-DELIVERED,1,38854000,21552000,29948000,True,2024-04-28 00:00:00,2024-04-28 00:00:00,2024-04-28 00:00:00
userdefault@gmail.com,Trưng Nữ Vương,Hải Châu,Đà Nẵng,2024-04-29 16:33:35,2024-04-30 16:33:35,ORDER-DELIVERED,2,35875000,35089000,35104000,True,2024-04-29 00:00:00,2024-04-29 00:00:00,2024-04-29 00:00:00
userdefault@gmail.com,Trưng Nữ Vương,Hải Châu,Đà Nẵng,2024-04-29 16:33:35,2024-04-30 16:33:35,ORDER-DELIVERED,2,35875000,35089000,35104000,True,2024-04-29 00:00:00,2024-04-29 00:00:00,2024-04-29 00:00:00
userdefault@gmail.com,Trưng Nữ Vương,Hải Châu,Đà Nẵng,2024-04-29 16:33:35,2024-04-30 16:33:35,ORDER-DELIVERED,2,35875000,35089000,35104000,True,2024-04-29 00:00:00,2024-04-29 00:00:00,2024-04-29 00:00:00
userdefault@gmail.com,Trưng Nữ Vương,Hải Châu,Đà Nẵng,2024-04-29 11:46:32,2024-04-30 11:46:32,ORDER-DELIVERED,9,44090000,8107000,10886000,True,2024-04-29 00:00:00,2024-04-29 00:00:00,2024-04-29 00:00:00
userdefault@gmail.com,Trưng Nữ Vương,Hải Châu,Đà Nẵng,2024-04-29 11:46:32,2024-04-30 11:46:32,ORDER-DELIVERED,9,44090000,8107000,10886000,True,2024-04-29 00:00:00,2024-04-29 00:00:00,2024-04-29 00:00:00
userdefault@gmail.com,Trưng Nữ Vương,Hải Châu,Đà Nẵng,2024-04-29 11:46:32,2024-04-30 11:46:32,ORDER-DELIVERED,9,44090000,8107000,10886000,True,2024-04-29 00:00:00,2024-04-29 00:00:00,2024-04-29 00:00:00
userdefault@gmail.com,Trưng Nữ Vương,Hải Châu,Đà Nẵng,2024-04-29 11:46:32,2024-04-30 11:46:32,ORDER-DELIVERED,9,44090000,8107000,10886000,True,2024-04-29 00:00:00,2024-04-29 00:00:00,2024-04-29 00:00:00
userdefault@gmail.com,Trưng Nữ Vương,Hải Châu,Đà Nẵng,2024-04-29 11:46:32,2024-04-30 11:46:32,ORDER-DELIVERED,9,44090000,8107000,10886000,True,2024-04-29 00:00:00,2024-04-29 00:00:00,2024-04-29 00:00:00
userdefault@gmail.com,Trưng Nữ Vương,Hải Châu,Đà Nẵng,2024-04-29 11:46:32,2024-04-30 11:46:32,ORDER-DELIVERED,9,44090000,8107000,10886000,True,2024-04-29 00:00:00,2024-04-29 00:00:00,2024-04-29 00:00:00
userdefault@gmail.com,Trưng Nữ Vương,Hải Châu,Đà Nẵng,2024-04-29 11:46:32,2024-04-30 11:46:32,ORDER-DELIVERED,9,44090000,8107000,10886000,True,2024-04-29 00:00:00,2024-04-29 00:00:00,2024-04-29 00:00:00
userdefault@gmail.com,Trưng Nữ Vương,Hải Châu,Đà Nẵng,2024-04-29 11:46:32,2024-04-30 11:46:32,ORDER-DELIVERED,9,44090000,8107000,10886000,True,2024-04-29 00:00:00,2024-04-29 00:00:00,2024-04-29 00:00:00
userdefault@gmail.com,Trưng Nữ Vương,Hải Châu,Đà Nẵng,2024-05-01 14:39:03,2024-05-05 14:39:03,ORDER-DELIVERED,10,48352000,21188000,31632000,True,2024-05-01 00:00:00,2024-05-01 00:00:00,2024-05-01 00:00:00
userdefault@gmail.com,Trưng Nữ Vương,Hải Châu,Đà Nẵng,2024-05-01 14:39:03,2024-05-05 14:39:03,ORDER-DELIVERED,10,48352000,21188000,31632000,True,2024-05-01 00:00:00,2024-05-01 00:00:00,2024-05-01 00:00:00
userdefault@gmail.com,Trưng Nữ Vương,Hải Châu,Đà Nẵng,2024-05-01 14:39:03,2024-05-05 14:39:03,ORDER-DELIVERED,10,48352000,21188000,31632000,True,2024-05-01 00:00:00,2024-05-01 00:00:00,2024-05-01 00:00:00
userdefault@gmail.com,Trưng Nữ Vương,Hải Châu,Đà Nẵng,2024-05-01 10:45:52,2024-05-05 10:45:52,ORDER-DELIVERED,1,47512000,34102000,41093000,True,2024-05-01 00:00:00,2024-05-01 00:00:00,2024-05-01 00:00:00
userdefault@gmail.com,Điện Biên Phủ,Thanh Khê,Đà Nẵng,2024-05-01 15:40:10,2024-05-07 15:40:10,ORDER-DELIVERED,5,45887000,33441000,42690000,True,2024-05-01 00:00:00,2024-05-01 00:00:00,2024-05-01 00:00:00
userdefault@gmail.com,Điện Biên Phủ,Thanh Khê,Đà Nẵng,2024-05-01 15:40:10,2024-05-07 15:40:10,ORDER-DELIVERED,5,45887000,33441000,42690000,True,2024-05-01 00:00:00,2024-05-01 00:00:00,2024-05-01 00:00:00
userdefault@gmail.com,Điện Biên Phủ,Thanh Khê,Đà Nẵng,2024-05-01 15:40:10,2024-05-07 15:40:10,ORDER-DELIVERED,5,45887000,33441000,42690000,True,2024-05-01 00:00:00,2024-05-01 00:00:00,2024-05-01 00:00:00
userdefault@gmail.com,Điện Biên Phủ,Thanh Khê,Đà Nẵng,2024-05-01 15:40:10,2024-05-07 15:40:10,ORDER-DELIVERED,5,45887000,33441000,42690000,True,2024-05-01 00:00:00,2024-05-01 00:00:00,2024-05-01 00:00:00
userdefault@gmail.com,Điện Biên Phủ,Thanh Khê,Đà Nẵng,2024-05-01 15:40:10,2024-05-07 15:40:10,ORDER-DELIVERED,5,45887000,33441000,42690000,True,2024-05-01 00:00:00,2024-05-01 00:00:00,2024-05-01 00:00:00
userdefault@gmail.com,Điện Biên Phủ,Thanh Khê,Đà Nẵng,2024-05-01 15:40:10,2024-05-07 15:40:10,ORDER-DELIVERED,5,45887000,33441000,42690000,True,2024-05-01 00:00:00,2024-05-01 00:00:00,2024-05-01 00:00:00
userdefault@gmail.com,Điện Biên Phủ,Thanh Khê,Đà Nẵng,2024-05-01 15:40:10,2024-05-07 15:40:10,ORDER-DELIVERED,5,45887000,33441000,42690000,True,2024-05-01 00:00:00,2024-05-01 00:00:00,2024-05-01 00:00:00
userdefault@gmail.com,Điện Biên Phủ,Thanh Khê,Đà Nẵng,2024-05-01 15:40:10,2024-05-07 15:40:10,ORDER-DELIVERED,5,45887000,33441000,42690000,True,2024-05-01 00:00:00,2024-05-01 00:00:00,2024-05-01 00:00:00
userdefault@gmail.com,Điện Biên Phủ,Thanh Khê,Đà Nẵng,2024-05-01 15:40:10,2024-05-07 15:40:10,ORDER-DELIVERED,5,45887000,33441000,42690000,True,2024-05-01 00:00:00,2024-05-01 00:00:00,2024-05-01 00:00:00
userdefault@gmail.com,Điện Biên Phủ,Thanh Khê,Đà Nẵng,2024-05-02 14:50:46,2024-05-05 14:50:46,ORDER-DELIVERED,5,27584000,18419000,24656000,True,2024-05-02 00:00:00,2024-05-02 00:00:00,2024-05-02 00:00:00
userdefault@gmail.com,Điện Biên Phủ,Thanh Khê,Đà Nẵng,2024-05-02 14:50:46,2024-05-05 14:50:46,ORDER-DELIVERED,5,27584000,18419000,24656000,True,2024-05-02 00:00:00,2024-05-02 00:00:00,2024-05-02 00:00:00
userdefault@gmail.com,Điện Biên Phủ,Thanh Khê,Đà Nẵng,2024-05-03 09:57:34,2024-05-06 09:57:34,ORDER-DELIVERED,9,29564000,23445000,27209000,True,2024-05-03 00:00:00,2024-05-03 00:00:00,2024-05-03 00:00:00
userdefault@gmail.com,Điện Biên Phủ,Thanh Khê,Đà Nẵng,2024-05-03 09:40:03,2024-05-06 09:40:03,ORDER-DELIVERED,9,24228000,10004000,22930000,True,2024-05-03 00:00:00,2024-05-03 00:00:00,2024-05-03 00:00:00
userdefault@gmail.com,Điện Biên Phủ,Thanh Khê,Đà Nẵng,2024-05-03 09:40:03,2024-05-06 09:40:03,ORDER-DELIVERED,9,24228000,10004000,22930000,True,2024-05-03 00:00:00,2024-05-03 00:00:00,2024-05-03 00:00:00
userdefault@gmail.com,Điện Biên Phủ,Thanh Khê,Đà Nẵng,2024-05-03 17:39:24,2024-05-10 17:39:24,ORDER-DELIVERED,2,22889000,19274000,21647000,True,2024-05-03 00:00:00,2024-05-03 00:00:00,2024-05-03 00:00:00
userdefault@gmail.com,Điện Biên Phủ,Thanh Khê,Đà Nẵng,2024-05-03 17:39:24,2024-05-10 17:39:24,ORDER-DELIVERED,2,22889000,19274000,21647000,True,2024-05-03 00:00:00,2024-05-03 00:00:00,2024-05-03 00:00:00
userdefault@gmail.com,Điện Biên Phủ,Thanh Khê,Đà Nẵng,2024-05-03 17:39:24,2024-05-10 17:39:24,ORDER-DELIVERED,2,22889000,19274000,21647000,True,2024-05-03 00:00:00,2024-05-03 00:00:00,2024-05-03 00:00:00
userdefault@gmail.com,Điện Biên Phủ,Thanh Khê,Đà Nẵng,2024-05-03 17:39:24,2024-05-10 17:39:24,ORDER-DELIVERED,2,22889000,19274000,21647000,True,2024-05-03 00:00:00,2024-05-03 00:00:00,2024-05-03 00:00:00
userdefault@gmail.com,Điện Biên Phủ,Thanh Khê,Đà Nẵng,2024-05-03 17:39:24,2024-05-10 17:39:24,ORDER-DELIVERED,2,22889000,19274000,21647000,True,2024-05-03 00:00:00,2024-05-03 00:00:00,2024-05-03 00:00:00
userdefault@gmail.com,Điện Biên Phủ,Thanh Khê,Đà Nẵng,2024-05-03 17:39:24,2024-05-10 17:39:24,ORDER-DELIVERED,2,22889000,19274000,21647000,True,2024-05-03 00:00:00,2024-05-03 00:00:00,2024-05-03 00:00:00
userdefault@gmail.com,Điện Biên Phủ,Thanh Khê,Đà Nẵng,2024-05-03 17:39:24,2024-05-10 17:39:24,ORDER-DELIVERED,2,22889000,19274000,21647000,True,2024-05-03 00:00:00,2024-05-03 00:00:00,2024-05-03 00:00:00
userdefault@gmail.com,Điện Biên Phủ,Thanh Khê,Đà Nẵng,2024-05-05 14:31:52,2024-05-12 14:31:52,ORDER-DELIVERED,1,31844000,24317000,26366000,True,2024-05-05 00:00:00,2024-05-05 00:00:00,2024-05-05 00:00:00
userdefault@gmail.com,Điện Biên Phủ,Thanh Khê,Đà Nẵng,2024-05-05 14:31:52,2024-05-12 14:31:52,ORDER-DELIVERED,1,31844000,24317000,26366000,True,2024-05-05 00:00:00,2024-05-05 00:00:00,2024-05-05 00:00:00
userdefault@gmail.com,Điện Biên Phủ,Thanh Khê,Đà Nẵng,2024-05-05 14:31:52,2024-05-12 14:31:52,ORDER-DELIVERED,1,31844000,24317000,26366000,True,2024-05-05 00:00:00,2024-05-05 00:00:00,2024-05-05 00:00:00
userdefault@gmail.com,Điện Biên Phủ,Thanh Khê,Đà Nẵng,2024-05-05 15:19:01,2024-05-09 15:19:01,ORDER-DELIVERED,9,32589000,24531000,31073000,True,2024-05-05 00:00:00,2024-05-05 00:00:00,2024-05-05 00:00:00
userdefault@gmail.com,Điện Biên Phủ,Thanh Khê,Đà Nẵng,2024-05-05 15:19:01,2024-05-09 15:19:01,ORDER-DELIVERED,9,32589000,24531000,31073000,True,2024-05-05 00:00:00,2024-05-05 00:00:00,2024-05-05 00:00:00
userdefault@gmail.com,Điện Biên Phủ,Thanh Khê,Đà Nẵng,2024-05-05 15:19:01,2024-05-09 15:19:01,ORDER-DELIVERED,9,32589000,24531000,31073000,True,2024-05-05 00:00:00,2024-05-05 00:00:00,2024-05-05 00:00:00
userdefault@gmail.com,Điện Biên Phủ,Thanh Khê,Đà Nẵng,2024-05-05 15:19:01,2024-05-09 15:19:01,ORDER-DELIVERED,9,32589000,24531000,31073000,True,2024-05-05 00:00:00,2024-05-05 00:00:00,2024-05-05 00:00:00
userdefault@gmail.com,Điện Biên Phủ,Thanh Khê,Đà Nẵng,2024-05-05 15:19:01,2024-05-09 15:19:01,ORDER-DELIVERED,9,32589000,24531000,31073000,True,2024-05-05 00:00:00,2024-05-05 00:00:00,2024-05-05 00:00:00
userdefault@gmail.com,Điện Biên Phủ,Thanh Khê,Đà Nẵng,2024-05-05 15:19:01,2024-05-09 15:19:01,ORDER-DELIVERED,9,32589000,24531000,31073000,True,2024-05-05 00:00:00,2024-05-05 00:00:00,2024-05-05 00:00:00
userdefault@gmail.com,Điện Biên Phủ,Thanh Khê,Đà Nẵng,2024-05-07 12:27:33,2024-05-09 12:27:33,ORDER-DELIVERED,5,33365000,17745000,23746000,True,2024-05-07 00:00:00,2024-05-07 00:00:00,2024-05-07 00:00:00
userdefault@gmail.com,Điện Biên Phủ,Thanh Khê,Đà Nẵng,2024-05-07 12:27:33,2024-05-09 12:27:33,ORDER-DELIVERED,5,33365000,17745000,23746000,True,2024-05-07 00:00:00,2024-05-07 00:00:00,2024-05-07 00:00:00
userdefault@gmail.com,Điện Biên Phủ,Thanh Khê,Đà Nẵng,2024-05-07 12:27:33,2024-05-09 12:27:33,ORDER-DELIVERED,5,33365000,17745000,23746000,True,2024-05-07 00:00:00,2024-05-07 00:00:00,2024-05-07 00:00:00
userdefault@gmail.com,Điện Biên Phủ,Thanh Khê,Đà Nẵng,2024-05-07 12:27:33,2024-05-09 12:27:33,ORDER-DELIVERED,5,33365000,17745000,23746000,True,2024-05-07 00:00:00,2024-05-07 00:00:00,2024-05-07 00:00:00
userdefault@gmail.com,Điện Biên Phủ,Thanh Khê,Đà Nẵng,2024-05-07 09:34:07,2024-05-09 09:34:07,ORDER-DELIVERED,7,35177000,27208000,34769000,True,2024-05-07 00:00:00,2024-05-07 00:00:00,2024-05-07 00:00:00
userdefault@gmail.com,Điện Biên Phủ,Thanh Khê,Đà Nẵng,2024-05-07 09:34:07,2024-05-09 09:34:07,ORDER-DELIVERED,7,35177000,27208000,34769000,True,2024-05-07 00:00:00,2024-05-07 00:00:00,2024-05-07 00:00:00
userdefault@gmail.com,Điện Biên Phủ,Thanh Khê,Đà Nẵng,2024-05-07 09:34:07,2024-05-09 09:34:07,ORDER-DELIVERED,7,35177000,27208000,34769000,True,2024-05-07 00:00:00,2024-05-07 00:00:00,2024-05-07 00:00:00
userdefault@gmail.com,Điện Biên Phủ,Thanh Khê,Đà Nẵng,2024-05-07 09:34:07,2024-05-09 09:34:07,ORDER-DELIVERED,7,35177000,27208000,34769000,True,2024-05-07 00:00:00,2024-05-07 00:00:00,2024-05-07 00:00:00
userdefault@gmail.com,Điện Biên Phủ,Thanh Khê,Đà Nẵng,2024-05-07 09:34:07,2024-05-09 09:34:07,ORDER-DELIVERED,7,35177000,27208000,34769000,True,2024-05-07 00:00:00,2024-05-07 00:00:00,2024-05-07 00:00:00
userdefault@gmail.com,Điện Biên Phủ,Thanh Khê,Đà Nẵng,2024-05-07 09:34:07,2024-05-09 09:34:07,ORDER-DELIVERED,7,35177000,27208000,34769000,True,2024-05-07 00:00:00,2024-05-07 00:00:00,2024-05-07 00:00:00
userdefault@gmail.com,Điện Biên Phủ,Thanh Khê,Đà Nẵng,2024-05-09 12:13:52,2024-05-10 12:13:52,ORDER-DELIVERED,2,28422000,12975000,14843000,True,2024-05-09 00:00:00,2024-05-09 00:00:00,2024-05-09 00:00:00
userdefault@gmail.com,Điện Biên Phủ,Thanh Khê,Đà Nẵng,2024-05-09 07:11:23,2024-05-10 07:11:23,ORDER-DELIVERED,2,26117000,10466000,19962000,True,2024-05-09 00:00:00,2024-05-09 00:00:00,2024-05-09 00:00:00
userdefault@gmail.com,Điện Biên Phủ,Thanh Khê,Đà Nẵng,2024-05-09 07:11:23,2024-05-10 07:11:23,ORDER-DELIVERED,2,26117000,10466000,19962000,True,2024-05-09 00:00:00,2024-05-09 00:00:00,2024-05-09 00:00:00
userdefault@gmail.com,Điện Biên Phủ,Thanh Khê,Đà Nẵng,2024-05-09 08:37:34,2024-05-14 08:37:34,ORDER-DELIVERED,7,45852000,25839000,40316000,True,2024-05-09 00:00:00,2024-05-09 00:00:00,2024-05-09 00:00:00
userdefault@gmail.com,Điện Biên Phủ,Thanh Khê,Đà Nẵng,2024-05-09 08:37:34,2024-05-14 08:37:34,ORDER-DELIVERED,7,45852000,25839000,40316000,True,2024-05-09 00:00:00,2024-05-09 00:00:00,2024-05-09 00:00:00
userdefault@gmail.com,Điện Biên Phủ,Thanh Khê,Đà Nẵng,2024-05-09 08:37:34,2024-05-14 08:37:34,ORDER-DELIVERED,7,45852000,25839000,40316000,True,2024-05-09 00:00:00,2024-05-09 00:00:00,2024-05-09 00:00:00
userdefault@gmail.com,Điện Biên Phủ,Thanh Khê,Đà Nẵng,2024-05-09 08:37:34,2024-05-14 08:37:34,ORDER-DELIVERED,7,45852000,25839000,40316000,True,2024-05-09 00:00:00,2024-05-09 00:00:00,2024-05-09 00:00:00
userdefault@gmail.com,Điện Biên Phủ,Thanh Khê,Đà Nẵng,2024-05-09 08:37:34,2024-05-14 08:37:34,ORDER-DELIVERED,7,45852000,25839000,40316000,True,2024-05-09 00:00:00,2024-05-09 00:00:00,2024-05-09 00:00:00
userdefault@gmail.com,Điện Biên Phủ,Thanh Khê,Đà Nẵng,2024-05-09 08:37:34,2024-05-14 08:37:34,ORDER-DELIVERED,7,45852000,25839000,40316000,True,2024-05-09 00:00:00,2024-05-09 00:00:00,2024-05-09 00:00:00
userdefault@gmail.com,Điện Biên Phủ,Thanh Khê,Đà Nẵng,2024-05-09 08:37:34,2024-05-14 08:37:34,ORDER-DELIVERED,7,45852000,25839000,40316000,True,2024-05-09 00:00:00,2024-05-09 00:00:00,2024-05-09 00:00:00
userdefault@gmail.com,Điện Biên Phủ,Thanh Khê,Đà Nẵng,2024-05-11 16:08:57,2024-05-14 16:08:57,ORDER-DELIVERED,10,46710000,12186000,39691000,True,2024-05-11 00:00:00,2024-05-11 00:00:00,2024-05-11 00:00:00
userdefault@gmail.com,Điện Biên Phủ,Thanh Khê,Đà Nẵng,2024-05-11 16:08:57,2024-05-14 16:08:57,ORDER-DELIVERED,10,46710000,12186000,39691000,True,2024-05-11 00:00:00,2024-05-11 00:00:00,2024-05-11 00:00:00
userdefault@gmail.com,Điện Biên Phủ,Thanh Khê,Đà Nẵng,2024-05-11 14:29:33,2024-05-18 14:29:33,ORDER-DELIVERED,6,41120000,19250000,22839000,True,2024-05-11 00:00:00,2024-05-11 00:00:00,2024-05-11 00:00:00
userdefault@gmail.com,Điện Biên Phủ,Thanh Khê,Đà Nẵng,2024-05-11 14:29:33,2024-05-18 14:29:33,ORDER-DELIVERED,6,41120000,19250000,22839000,True,2024-05-11 00:00:00,2024-05-11 00:00:00,2024-05-11 00:00:00
userdefault@gmail.com,Điện Biên Phủ,Thanh Khê,Đà Nẵng,2024-05-11 14:29:33,2024-05-18 14:29:33,ORDER-DELIVERED,6,41120000,19250000,22839000,True,2024-05-11 00:00:00,2024-05-11 00:00:00,2024-05-11 00:00:00
userdefault@gmail.com,Điện Biên Phủ,Thanh Khê,Đà Nẵng,2024-05-11 14:29:33,2024-05-18 14:29:33,ORDER-DELIVERED,6,41120000,19250000,22839000,True,2024-05-11 00:00:00,2024-05-11 00:00:00,2024-05-11 00:00:00
userdefault@gmail.com,Điện Biên Phủ,Thanh Khê,Đà Nẵng,2024-05-12 18:00:37,2024-05-18 18:00:37,ORDER-DELIVERED,10,48297000,15833000,24725000,True,2024-05-12 00:00:00,2024-05-12 00:00:00,2024-05-12 00:00:00
userdefault@gmail.com,Điện Biên Phủ,Thanh Khê,Đà Nẵng,2024-05-12 15:33:14,2024-05-18 15:33:14,ORDER-DELIVERED,6,26440000,17073000,25788000,True,2024-05-12 00:00:00,2024-05-12 00:00:00,2024-05-12 00:00:00
userdefault@gmail.com,Điện Biên Phủ,Thanh Khê,Đà Nẵng,2024-05-12 13:56:45,2024-05-18 13:56:45,ORDER-DELIVERED,10,40820000,12767000,13600000,True,2024-05-12 00:00:00,2024-05-12 00:00:00,2024-05-12 00:00:00
userdefault@gmail.com,Điện Biên Phủ,Thanh Khê,Đà Nẵng,2024-05-12 13:56:45,2024-05-18 13:56:45,ORDER-DELIVERED,10,40820000,12767000,13600000,True,2024-05-12 00:00:00,2024-05-12 00:00:00,2024-05-12 00:00:00
userdefault@gmail.com,Điện Biên Phủ,Thanh Khê,Đà Nẵng,2024-05-12 13:56:45,2024-05-18 13:56:45,ORDER-DELIVERED,10,40820000,12767000,13600000,True,2024-05-12 00:00:00,2024-05-12 00:00:00,2024-05-12 00:00:00
userdefault@gmail.com,Điện Biên Phủ,Thanh Khê,Đà Nẵng,2024-05-12 13:56:45,2024-05-18 13:56:45,ORDER-DELIVERED,10,40820000,12767000,13600000,True,2024-05-12 00:00:00,2024-05-12 00:00:00,2024-05-12 00:00:00
userdefault@gmail.com,Điện Biên Phủ,Thanh Khê,Đà Nẵng,2024-05-13 12:19:26,2024-05-20 12:19:26,ORDER-DELIVERED,8,46839000,18008000,32806000,True,2024-05-13 00:00:00,2024-05-13 00:00:00,2024-05-13 00:00:00
userdefault@gmail.com,Điện Biên Phủ,Thanh Khê,Đà Nẵng,2024-05-13 12:19:26,2024-05-20 12:19:26,ORDER-DELIVERED,8,46839000,18008000,32806000,True,2024-05-13 00:00:00,2024-05-13 00:00:00,2024-05-13 00:00:00
userdefault@gmail.com,Điện Biên Phủ,Thanh Khê,Đà Nẵng,2024-05-13 12:19:26,2024-05-20 12:19:26,ORDER-DELIVERED,8,46839000,18008000,32806000,True,2024-05-13 00:00:00,2024-05-13 00:00:00,2024-05-13 00:00:00
userdefault@gmail.com,Điện Biên Phủ,Thanh Khê,Đà Nẵng,2024-05-14 19:57:09,2024-05-20 19:57:09,ORDER-DELIVERED,6,43065000,21331000,31790000,True,2024-05-14 00:00:00,2024-05-14 00:00:00,2024-05-14 00:00:00
userdefault@gmail.com,Điện Biên Phủ,Thanh Khê,Đà Nẵng,2024-05-14 13:46:05,2024-05-16 13:46:05,ORDER-DELIVERED,3,41491000,8706000,34386000,True,2024-05-14 00:00:00,2024-05-14 00:00:00,2024-05-14 00:00:00
userdefault@gmail.com,Điện Biên Phủ,Thanh Khê,Đà Nẵng,2024-05-14 13:46:05,2024-05-16 13:46:05,ORDER-DELIVERED,3,41491000,8706000,34386000,True,2024-05-14 00:00:00,2024-05-14 00:00:00,2024-05-14 00:00:00
userdefault@gmail.com,Điện Biên Phủ,Thanh Khê,Đà Nẵng,2024-05-14 13:46:05,2024-05-16 13:46:05,ORDER-DELIVERED,3,41491000,8706000,34386000,True,2024-05-14 00:00:00,2024-05-14 00:00:00,2024-05-14 00:00:00
userdefault@gmail.com,Điện Biên Phủ,Thanh Khê,Đà Nẵng,2024-05-14 13:46:05,2024-05-16 13:46:05,ORDER-DELIVERED,3,41491000,8706000,34386000,True,2024-05-14 00:00:00,2024-05-14 00:00:00,2024-05-14 00:00:00
userdefault@gmail.com,Điện Biên Phủ,Thanh Khê,Đà Nẵng,2024-05-15 11:56:38,2024-05-19 11:56:38,ORDER-DELIVERED,3,45013000,9180000,34918000,True,2024-05-15 00:00:00,2024-05-15 00:00:00,2024-05-15 00:00:00
userdefault@gmail.com,Điện Biên Phủ,Thanh Khê,Đà Nẵng,2024-05-15 11:56:38,2024-05-19 11:56:38,ORDER-DELIVERED,3,45013000,9180000,34918000,True,2024-05-15 00:00:00,2024-05-15 00:00:00,2024-05-15 00:00:00
userdefault@gmail.com,Điện Biên Phủ,Thanh Khê,Đà Nẵng,2024-05-15 11:56:38,2024-05-19 11:56:38,ORDER-DELIVERED,3,45013000,9180000,34918000,True,2024-05-15 00:00:00,2024-05-15 00:00:00,2024-05-15 00:00:00
userdefault@gmail.com,Điện Biên Phủ,Thanh Khê,Đà Nẵng,2024-05-15 11:56:38,2024-05-19 11:56:38,ORDER-DELIVERED,3,45013000,9180000,34918000,True,2024-05-15 00:00:00,2024-05-15 00:00:00,2024-05-15 00:00:00
userdefault@gmail.com,Điện Biên Phủ,Thanh Khê,Đà Nẵng,2024-05-15 11:56:38,2024-05-19 11:56:38,ORDER-DELIVERED,3,45013000,9180000,34918000,True,2024-05-15 00:00:00,2024-05-15 00:00:00,2024-05-15 00:00:00
userdefault@gmail.com,Điện Biên Phủ,Thanh Khê,Đà Nẵng,2024-05-15 11:56:38,2024-05-19 11:56:38,ORDER-DELIVERED,3,45013000,9180000,34918000,True,2024-05-15 00:00:00,2024-05-15 00:00:00,2024-05-15 00:00:00
userdefault@gmail.com,Điện Biên Phủ,Thanh Khê,Đà Nẵng,2024-05-16 10:26:51,2024-05-23 10:26:51,ORDER-DELIVERED,5,21737000,13397000,15880000,True,2024-05-16 00:00:00,2024-05-16 00:00:00,2024-05-16 00:00:00
userdefault@gmail.com,Điện Biên Phủ,Thanh Khê,Đà Nẵng,2024-05-16 10:26:51,2024-05-23 10:26:51,ORDER-DELIVERED,5,21737000,13397000,15880000,True,2024-05-16 00:00:00,2024-05-16 00:00:00,2024-05-16 00:00:00
userdefault@gmail.com,Điện Biên Phủ,Thanh Khê,Đà Nẵng,2024-05-16 10:26:51,2024-05-23 10:26:51,ORDER-DELIVERED,5,21737000,13397000,15880000,True,2024-05-16 00:00:00,2024-05-16 00:00:00,2024-05-16 00:00:00
userdefault@gmail.com,Điện Biên Phủ,Thanh Khê,Đà Nẵng,2024-05-16 10:26:51,2024-05-23 10:26:51,ORDER-DELIVERED,5,21737000,13397000,15880000,True,2024-05-16 00:00:00,2024-05-16 00:00:00,2024-05-16 00:00:00
userdefault@gmail.com,Điện Biên Phủ,Thanh Khê,Đà Nẵng,2024-05-16 10:26:51,2024-05-23 10:26:51,ORDER-DELIVERED,5,21737000,13397000,15880000,True,2024-05-16 00:00:00,2024-05-16 00:00:00,2024-05-16 00:00:00
userdefault@gmail.com,Điện Biên Phủ,Thanh Khê,Đà Nẵng,2024-05-16 10:26:51,2024-05-23 10:26:51,ORDER-DELIVERED,5,21737000,13397000,15880000,True,2024-05-16 00:00:00,2024-05-16 00:00:00,2024-05-16 00:00:00
userdefault@gmail.com,Điện Biên Phủ,Thanh Khê,Đà Nẵng,2024-05-16 10:26:51,2024-05-23 10:26:51,ORDER-DELIVERED,5,21737000,13397000,15880000,True,2024-05-16 00:00:00,2024-05-16 00:00:00,2024-05-16 00:00:00
userdefault@gmail.com,Điện Biên Phủ,Thanh Khê,Đà Nẵng,2024-05-16 10:26:51,2024-05-23 10:26:51,ORDER-DELIVERED,5,21737000,13397000,15880000,True,2024-05-16 00:00:00,2024-05-16 00:00:00,2024-05-16 00:00:00
userdefault@gmail.com,Điện Biên Phủ,Thanh Khê,Đà Nẵng,2024-05-16 10:26:51,2024-05-23 10:26:51,ORDER-DELIVERED,5,21737000,13397000,15880000,True,2024-05-16 00:00:00,2024-05-16 00:00:00,2024-05-16 00:00:00
userdefault@gmail.com,Điện Biên Phủ,Thanh Khê,Đà Nẵng,2024-05-16 10:26:51,2024-05-23 10:26:51,ORDER-DELIVERED,5,21737000,13397000,15880000,True,2024-05-16 00:00:00,2024-05-16 00:00:00,2024-05-16 00:00:00
userdefault@gmail.com,Điện Biên Phủ,Thanh Khê,Đà Nẵng,2024-05-18 15:32:11,2024-05-24 15:32:11,ORDER-DELIVERED,3,47149000,34666000,39596000,True,2024-05-18 00:00:00,2024-05-18 00:00:00,2024-05-18 00:00:00
userdefault@gmail.com,Điện Biên Phủ,Thanh Khê,Đà Nẵng,2024-05-18 15:04:17,2024-05-19 15:04:17,ORDER-DELIVERED,9,43327000,16559000,17758000,True,2024-05-18 00:00:00,2024-05-18 00:00:00,2024-05-18 00:00:00
userdefault@gmail.com,Điện Biên Phủ,Thanh Khê,Đà Nẵng,2024-05-18 15:04:17,2024-05-19 15:04:17,ORDER-DELIVERED,9,43327000,16559000,17758000,True,2024-05-18 00:00:00,2024-05-18 00:00:00,2024-05-18 00:00:00
userdefault@gmail.com,Điện Biên Phủ,Thanh Khê,Đà Nẵng,2024-05-18 15:04:17,2024-05-19 15:04:17,ORDER-DELIVERED,9,43327000,16559000,17758000,True,2024-05-18 00:00:00,2024-05-18 00:00:00,2024-05-18 00:00:00
userdefault@gmail.com,Điện Biên Phủ,Thanh Khê,Đà Nẵng,2024-05-18 15:04:17,2024-05-19 15:04:17,ORDER-DELIVERED,9,43327000,16559000,17758000,True,2024-05-18 00:00:00,2024-05-18 00:00:00,2024-05-18 00:00:00
userdefault@gmail.com,Điện Biên Phủ,Thanh Khê,Đà Nẵng,2024-05-18 15:04:17,2024-05-19 15:04:17,ORDER-DELIVERED,9,43327000,16559000,17758000,True,2024-05-18 00:00:00,2024-05-18 00:00:00,2024-05-18 00:00:00
userdefault@gmail.com,Điện Biên Phủ,Thanh Khê,Đà Nẵng,2024-05-18 15:04:17,2024-05-19 15:04:17,ORDER-DELIVERED,9,43327000,16559000,17758000,True,2024-05-18 00:00:00,2024-05-18 00:00:00,2024-05-18 00:00:00
userdefault@gmail.com,Điện Biên Phủ,Thanh Khê,Đà Nẵng,2024-05-19 13:55:52,2024-05-21 13:55:52,ORDER-DELIVERED,8,29232000,15100000,19773000,True,2024-05-19 00:00:00,2024-05-19 00:00:00,2024-05-19 00:00:00
userdefault@gmail.com,Điện Biên Phủ,Thanh Khê,Đà Nẵng,2024-05-19 13:55:52,2024-05-21 13:55:52,ORDER-DELIVERED,8,29232000,15100000,19773000,True,2024-05-19 00:00:00,2024-05-19 00:00:00,2024-05-19 00:00:00
userdefault@gmail.com,Điện Biên Phủ,Thanh Khê,Đà Nẵng,2024-05-19 13:55:52,2024-05-21 13:55:52,ORDER-DELIVERED,8,29232000,15100000,19773000,True,2024-05-19 00:00:00,2024-05-19 00:00:00,2024-05-19 00:00:00
userdefault@gmail.com,Điện Biên Phủ,Thanh Khê,Đà Nẵng,2024-05-19 13:55:52,2024-05-21 13:55:52,ORDER-DELIVERED,8,29232000,15100000,19773000,True,2024-05-19 00:00:00,2024-05-19 00:00:00,2024-05-19 00:00:00
userdefault@gmail.com,Điện Biên Phủ,Thanh Khê,Đà Nẵng,2024-05-20 09:51:36,2024-05-25 09:51:36,ORDER-DELIVERED,9,43010000,16652000,27716000,True,2024-05-20 00:00:00,2024-05-20 00:00:00,2024-05-20 00:00:00
userdefault@gmail.com,Điện Biên Phủ,Thanh Khê,Đà Nẵng,2024-05-20 09:51:36,2024-05-25 09:51:36,ORDER-DELIVERED,9,43010000,16652000,27716000,True,2024-05-20 00:00:00,2024-05-20 00:00:00,2024-05-20 00:00:00
userdefault@gmail.com,Điện Biên Phủ,Thanh Khê,Đà Nẵng,2024-05-20 13:40:22,2024-05-25 13:40:22,ORDER-DELIVERED,10,38955000,8747000,29420000,True,2024-05-20 00:00:00,2024-05-20 00:00:00,2024-05-20 00:00:00
userdefault@gmail.com,Điện Biên Phủ,Thanh Khê,Đà Nẵng,2024-05-20 13:40:22,2024-05-25 13:40:22,ORDER-DELIVERED,10,38955000,8747000,29420000,True,2024-05-20 00:00:00,2024-05-20 00:00:00,2024-05-20 00:00:00
userdefault@gmail.com,Điện Biên Phủ,Thanh Khê,Đà Nẵng,2024-05-20 13:40:22,2024-05-25 13:40:22,ORDER-DELIVERED,10,38955000,8747000,29420000,True,2024-05-20 00:00:00,2024-05-20 00:00:00,2024-05-20 00:00:00
userdefault@gmail.com,Điện Biên Phủ,Thanh Khê,Đà Nẵng,2024-05-20 13:40:22,2024-05-25 13:40:22,ORDER-DELIVERED,10,38955000,8747000,29420000,True,2024-05-20 00:00:00,2024-05-20 00:00:00,2024-05-20 00:00:00
userdefault@gmail.com,Điện Biên Phủ,Thanh Khê,Đà Nẵng,2024-05-21 16:58:29,2024-05-22 16:58:29,ORDER-DELIVERED,10,49488000,11909000,34720000,True,2024-05-21 00:00:00,2024-05-21 00:00:00,2024-05-21 00:00:00
userdefault@gmail.com,Điện Biên Phủ,Thanh Khê,Đà Nẵng,2024-05-21 16:58:29,2024-05-22 16:58:29,ORDER-DELIVERED,10,49488000,11909000,34720000,True,2024-05-21 00:00:00,2024-05-21 00:00:00,2024-05-21 00:00:00
userdefault@gmail.com,Điện Biên Phủ,Thanh Khê,Đà Nẵng,2024-05-21 16:58:29,2024-05-22 16:58:29,ORDER-DELIVERED,10,49488000,11909000,34720000,True,2024-05-21 00:00:00,2024-05-21 00:00:00,2024-05-21 00:00:00
userdefault@gmail.com,Điện Biên Phủ,Thanh Khê,Đà Nẵng,2024-05-21 16:58:29,2024-05-22 16:58:29,ORDER-DELIVERED,10,49488000,11909000,34720000,True,2024-05-21 00:00:00,2024-05-21 00:00:00,2024-05-21 00:00:00
userdefault@gmail.com,Điện Biên Phủ,Thanh Khê,Đà Nẵng,2024-05-21 16:58:29,2024-05-22 16:58:29,ORDER-DELIVERED,10,49488000,11909000,34720000,True,2024-05-21 00:00:00,2024-05-21 00:00:00,2024-05-21 00:00:00
userdefault@gmail.com,Điện Biên Phủ,Thanh Khê,Đà Nẵng,2024-05-22 14:32:15,2024-05-29 14:32:15,ORDER-DELIVERED,9,46626000,19785000,31875000,True,2024-05-22 00:00:00,2024-05-22 00:00:00,2024-05-22 00:00:00
userdefault@gmail.com,Điện Biên Phủ,Thanh Khê,Đà Nẵng,2024-05-22 15:47:36,2024-05-26 15:47:36,ORDER-DELIVERED,9,35617000,9246000,18517000,True,2024-05-22 00:00:00,2024-05-22 00:00:00,2024-05-22 00:00:00
userdefault@gmail.com,Điện Biên Phủ,Thanh Khê,Đà Nẵng,2024-05-22 15:47:36,2024-05-26 15:47:36,ORDER-DELIVERED,9,35617000,9246000,18517000,True,2024-05-22 00:00:00,2024-05-22 00:00:00,2024-05-22 00:00:00
userdefault@gmail.com,Điện Biên Phủ,Thanh Khê,Đà Nẵng,2024-05-22 15:47:36,2024-05-26 15:47:36,ORDER-DELIVERED,9,35617000,9246000,18517000,True,2024-05-22 00:00:00,2024-05-22 00:00:00,2024-05-22 00:00:00
userdefault@gmail.com,Điện Biên Phủ,Thanh Khê,Đà Nẵng,2024-05-23 14:41:35,2024-05-26 14:41:35,ORDER-DELIVERED,6,44747000,28062000,31061000,True,2024-05-23 00:00:00,2024-05-23 00:00:00,2024-05-23 00:00:00
userdefault@gmail.com,Điện Biên Phủ,Thanh Khê,Đà Nẵng,2024-05-23 14:41:35,2024-05-26 14:41:35,ORDER-DELIVERED,6,44747000,28062000,31061000,True,2024-05-23 00:00:00,2024-05-23 00:00:00,2024-05-23 00:00:00
userdefault@gmail.com,Điện Biên Phủ,Thanh Khê,Đà Nẵng,2024-05-23 14:41:35,2024-05-26 14:41:35,ORDER-DELIVERED,6,44747000,28062000,31061000,True,2024-05-23 00:00:00,2024-05-23 00:00:00,2024-05-23 00:00:00
userdefault@gmail.com,Điện Biên Phủ,Thanh Khê,Đà Nẵng,2024-05-23 14:41:35,2024-05-26 14:41:35,ORDER-DELIVERED,6,44747000,28062000,31061000,True,2024-05-23 00:00:00,2024-05-23 00:00:00,2024-05-23 00:00:00
userdefault@gmail.com,Điện Biên Phủ,Thanh Khê,Đà Nẵng,2024-05-23 14:41:35,2024-05-26 14:41:35,ORDER-DELIVERED,6,44747000,28062000,31061000,True,2024-05-23 00:00:00,2024-05-23 00:00:00,2024-05-23 00:00:00
userdefault@gmail.com,Điện Biên Phủ,Thanh Khê,Đà Nẵng,2024-05-23 14:41:35,2024-05-26 14:41:35,ORDER-DELIVERED,6,44747000,28062000,31061000,True,2024-05-23 00:00:00,2024-05-23 00:00:00,2024-05-23 00:00:00
userdefault@gmail.com,Điện Biên Phủ,Thanh Khê,Đà Nẵng,2024-05-23 14:41:35,2024-05-26 14:41:35,ORDER-DELIVERED,6,44747000,28062000,31061000,True,2024-05-23 00:00:00,2024-05-23 00:00:00,2024-05-23 00:00:00
userdefault@gmail.com,Điện Biên Phủ,Thanh Khê,Đà Nẵng,2024-05-23 14:41:35,2024-05-26 14:41:35,ORDER-DELIVERED,6,44747000,28062000,31061000,True,2024-05-23 00:00:00,2024-05-23 00:00:00,2024-05-23 00:00:00
userdefault@gmail.com,Điện Biên Phủ,Thanh Khê,Đà Nẵng,2024-05-23 14:41:35,2024-05-26 14:41:35,ORDER-DELIVERED,6,44747000,28062000,31061000,True,2024-05-23 00:00:00,2024-05-23 00:00:00,2024-05-23 00:00:00
userdefault@gmail.com,Điện Biên Phủ,Thanh Khê,Đà Nẵng,2024-05-23 14:41:35,2024-05-26 14:41:35,ORDER-DELIVERED,6,44747000,28062000,31061000,True,2024-05-23 00:00:00,2024-05-23 00:00:00,2024-05-23 00:00:00
userdefault@gmail.com,Điện Biên Phủ,Thanh Khê,Đà Nẵng,2024-05-25 09:42:14,2024-05-31 09:42:14,ORDER-DELIVERED,9,26812000,12141000,20387000,True,2024-05-25 00:00:00,2024-05-25 00:00:00,2024-05-25 00:00:00
userdefault@gmail.com,Điện Biên Phủ,Thanh Khê,Đà Nẵng,2024-05-25 09:42:14,2024-05-31 09:42:14,ORDER-DELIVERED,9,26812000,12141000,20387000,True,2024-05-25 00:00:00,2024-05-25 00:00:00,2024-05-25 00:00:00
userdefault@gmail.com,Điện Biên Phủ,Thanh Khê,Đà Nẵng,2024-05-25 14:08:16,2024-05-29 14:08:16,ORDER-DELIVERED,2,49723000,9861000,10778000,True,2024-05-25 00:00:00,2024-05-25 00:00:00,2024-05-25 00:00:00
userdefault@gmail.com,Điện Biên Phủ,Thanh Khê,Đà Nẵng,2024-05-25 14:08:16,2024-05-29 14:08:16,ORDER-DELIVERED,2,49723000,9861000,10778000,True,2024-05-25 00:00:00,2024-05-25 00:00:00,2024-05-25 00:00:00
userdefault@gmail.com,Điện Biên Phủ,Thanh Khê,Đà Nẵng,2024-05-25 14:08:16,2024-05-29 14:08:16,ORDER-DELIVERED,2,49723000,9861000,10778000,True,2024-05-25 00:00:00,2024-05-25 00:00:00,2024-05-25 00:00:00
userdefault@gmail.com,Điện Biên Phủ,Thanh Khê,Đà Nẵng,2024-05-25 14:08:16,2024-05-29 14:08:16,ORDER-DELIVERED,2,49723000,9861000,10778000,True,2024-05-25 00:00:00,2024-05-25 00:00:00,2024-05-25 00:00:00
userdefault@gmail.com,Điện Biên Phủ,Thanh Khê,Đà Nẵng,2024-05-25 14:08:16,2024-05-29 14:08:16,ORDER-DELIVERED,2,49723000,9861000,10778000,True,2024-05-25 00:00:00,2024-05-25 00:00:00,2024-05-25 00:00:00
userdefault@gmail.com,Điện Biên Phủ,Thanh Khê,Đà Nẵng,2024-05-26 09:31:49,2024-05-29 09:31:49,ORDER-DELIVERED,8,40549000,12753000,36396000,True,2024-05-26 00:00:00,2024-05-26 00:00:00,2024-05-26 00:00:00
userdefault@gmail.com,Điện Biên Phủ,Thanh Khê,Đà Nẵng,2024-05-26 09:31:49,2024-05-29 09:31:49,ORDER-DELIVERED,8,40549000,12753000,36396000,True,2024-05-26 00:00:00,2024-05-26 00:00:00,2024-05-26 00:00:00
userdefault@gmail.com,Điện Biên Phủ,Thanh Khê,Đà Nẵng,2024-05-26 09:31:49,2024-05-29 09:31:49,ORDER-DELIVERED,8,40549000,12753000,36396000,True,2024-05-26 00:00:00,2024-05-26 00:00:00,2024-05-26 00:00:00
userdefault@gmail.com,Điện Biên Phủ,Thanh Khê,Đà Nẵng,2024-05-27 13:43:58,2024-05-29 13:43:58,ORDER-DELIVERED,10,31338000,13928000,15321000,True,2024-05-27 00:00:00,2024-05-27 00:00:00,2024-05-27 00:00:00
userdefault@gmail.com,Điện Biên Phủ,Thanh Khê,Đà Nẵng,2024-05-27 13:43:58,2024-05-29 13:43:58,ORDER-DELIVERED,10,31338000,13928000,15321000,True,2024-05-27 00:00:00,2024-05-27 00:00:00,2024-05-27 00:00:00
userdefault@gmail.com,Điện Biên Phủ,Thanh Khê,Đà Nẵng,2024-05-27 13:43:58,2024-05-29 13:43:58,ORDER-DELIVERED,10,31338000,13928000,15321000,True,2024-05-27 00:00:00,2024-05-27 00:00:00,2024-05-27 00:00:00
userdefault@gmail.com,Điện Biên Phủ,Thanh Khê,Đà Nẵng,2024-05-27 13:43:58,2024-05-29 13:43:58,ORDER-DELIVERED,10,31338000,13928000,15321000,True,2024-05-27 00:00:00,2024-05-27 00:00:00,2024-05-27 00:00:00
userdefault@gmail.com,Điện Biên Phủ,Thanh Khê,Đà Nẵng,2024-05-27 13:43:58,2024-05-29 13:43:58,ORDER-DELIVERED,10,31338000,13928000,15321000,True,2024-05-27 00:00:00,2024-05-27 00:00:00,2024-05-27 00:00:00
userdefault@gmail.com,Điện Biên Phủ,Thanh Khê,Đà Nẵng,2024-05-27 13:43:58,2024-05-29 13:43:58,ORDER-DELIVERED,10,31338000,13928000,15321000,True,2024-05-27 00:00:00,2024-05-27 00:00:00,2024-05-27 00:00:00
userdefault@gmail.com,Điện Biên Phủ,Thanh Khê,Đà Nẵng,2024-05-28 12:35:31,2024-06-03 12:35:31,ORDER-DELIVERED,3,41765000,16925000,26064000,True,2024-05-28 00:00:00,2024-05-28 00:00:00,2024-05-28 00:00:00
userdefault@gmail.com,Điện Biên Phủ,Thanh Khê,Đà Nẵng,2024-05-28 12:35:31,2024-06-03 12:35:31,ORDER-DELIVERED,3,41765000,16925000,26064000,True,2024-05-28 00:00:00,2024-05-28 00:00:00,2024-05-28 00:00:00
userdefault@gmail.com,Điện Biên Phủ,Thanh Khê,Đà Nẵng,2024-05-28 12:35:31,2024-06-03 12:35:31,ORDER-DELIVERED,3,41765000,16925000,26064000,True,2024-05-28 00:00:00,2024-05-28 00:00:00,2024-05-28 00:00:00
userdefault@gmail.com,Điện Biên Phủ,Thanh Khê,Đà Nẵng,2024-05-28 12:35:31,2024-06-03 12:35:31,ORDER-DELIVERED,3,41765000,16925000,26064000,True,2024-05-28 00:00:00,2024-05-28 00:00:00,2024-05-28 00:00:00
userdefault@gmail.com,Điện Biên Phủ,Thanh Khê,Đà Nẵng,2024-05-29 19:21:25,2024-05-31 19:21:25,ORDER-DELIVERED,4,39092000,14771000,14919000,True,2024-05-29 00:00:00,2024-05-29 00:00:00,2024-05-29 00:00:00
userdefault@gmail.com,Điện Biên Phủ,Thanh Khê,Đà Nẵng,2024-05-29 19:21:25,2024-05-31 19:21:25,ORDER-DELIVERED,4,39092000,14771000,14919000,True,2024-05-29 00:00:00,2024-05-29 00:00:00,2024-05-29 00:00:00
userdefault@gmail.com,Điện Biên Phủ,Thanh Khê,Đà Nẵng,2024-05-29 19:21:25,2024-05-31 19:21:25,ORDER-DELIVERED,4,39092000,14771000,14919000,True,2024-05-29 00:00:00,2024-05-29 00:00:00,2024-05-29 00:00:00
userdefault@gmail.com,Điện Biên Phủ,Thanh Khê,Đà Nẵng,2024-05-29 19:21:25,2024-05-31 19:21:25,ORDER-DELIVERED,4,39092000,14771000,14919000,True,2024-05-29 00:00:00,2024-05-29 00:00:00,2024-05-29 00:00:00
userdefault@gmail.com,Điện Biên Phủ,Thanh Khê,Đà Nẵng,2024-05-29 19:21:25,2024-05-31 19:21:25,ORDER-DELIVERED,4,39092000,14771000,14919000,True,2024-05-29 00:00:00,2024-05-29 00:00:00,2024-05-29 00:00:00
userdefault@gmail.com,Điện Biên Phủ,Thanh Khê,Đà Nẵng,2024-05-29 19:21:25,2024-05-31 19:21:25,ORDER-DELIVERED,4,39092000,14771000,14919000,True,2024-05-29 00:00:00,2024-05-29 00:00:00,2024-05-29 00:00:00
userdefault@gmail.com,Điện Biên Phủ,Thanh Khê,Đà Nẵng,2024-05-30 15:34:30,2024-06-05 15:34:30,ORDER-DELIVERED,6,43997000,14449000,15107000,True,2024-05-30 00:00:00,2024-05-30 00:00:00,2024-05-30 00:00:00
userdefault@gmail.com,Điện Biên Phủ,Thanh Khê,Đà Nẵng,2024-05-30 13:15:53,2024-05-31 13:15:53,ORDER-DELIVERED,6,45412000,39082000,40313000,True,2024-05-30 00:00:00,2024-05-30 00:00:00,2024-05-30 00:00:00
userdefault@gmail.com,Điện Biên Phủ,Thanh Khê,Đà Nẵng,2024-05-30 13:15:53,2024-05-31 13:15:53,ORDER-DELIVERED,6,45412000,39082000,40313000,True,2024-05-30 00:00:00,2024-05-30 00:00:00,2024-05-30 00:00:00
userdefault@gmail.com,Điện Biên Phủ,Thanh Khê,Đà Nẵng,2024-05-31 19:20:47,2024-06-03 19:20:47,ORDER-DELIVERED,5,30328000,12676000,14217000,True,2024-05-31 00:00:00,2024-05-31 00:00:00,2024-05-31 00:00:00
userdefault@gmail.com,Điện Biên Phủ,Thanh Khê,Đà Nẵng,2024-05-31 19:20:47,2024-06-03 19:20:47,ORDER-DELIVERED,5,30328000,12676000,14217000,True,2024-05-31 00:00:00,2024-05-31 00:00:00,2024-05-31 00:00:00
userdefault@gmail.com,Điện Biên Phủ,Thanh Khê,Đà Nẵng,2024-05-31 19:20:47,2024-06-03 19:20:47,ORDER-DELIVERED,5,30328000,12676000,14217000,True,2024-05-31 00:00:00,2024-05-31 00:00:00,2024-05-31 00:00:00
userdefault@gmail.com,Điện Biên Phủ,Thanh Khê,Đà Nẵng,2024-05-31 19:20:47,2024-06-03 19:20:47,ORDER-DELIVERED,5,30328000,12676000,14217000,True,2024-05-31 00:00:00,2024-05-31 00:00:00,2024-05-31 00:00:00
userdefault@gmail.com,Điện Biên Phủ,Thanh Khê,Đà Nẵng,2024-05-31 19:20:47,2024-06-03 19:20:47,ORDER-DELIVERED,5,30328000,12676000,14217000,True,2024-05-31 00:00:00,2024-05-31 00:00:00,2024-05-31 00:00:00
userdefault@gmail.com,Điện Biên Phủ,Thanh Khê,Đà Nẵng,2024-06-01 08:48:24,2024-06-07 08:48:24,ORDER-DELIVERED,10,41385000,31900000,36386000,True,2024-06-01 00:00:00,2024-06-01 00:00:00,2024-06-01 00:00:00
userdefault@gmail.com,Điện Biên Phủ,Thanh Khê,Đà Nẵng,2024-06-01 08:48:24,2024-06-07 08:48:24,ORDER-DELIVERED,10,41385000,31900000,36386000,True,2024-06-01 00:00:00,2024-06-01 00:00:00,2024-06-01 00:00:00
userdefault@gmail.com,Điện Biên Phủ,Thanh Khê,Đà Nẵng,2024-06-01 08:48:24,2024-06-07 08:48:24,ORDER-DELIVERED,10,41385000,31900000,36386000,True,2024-06-01 00:00:00,2024-06-01 00:00:00,2024-06-01 00:00:00
userdefault@gmail.com,Điện Biên Phủ,Thanh Khê,Đà Nẵng,2024-06-01 07:14:43,2024-06-05 07:14:43,ORDER-DELIVERED,7,47616000,34114000,39908000,True,2024-06-01 00:00:00,2024-06-01 00:00:00,2024-06-01 00:00:00
userdefault@gmail.com,Điện Biên Phủ,Thanh Khê,Đà Nẵng,2024-06-01 07:14:43,2024-06-05 07:14:43,ORDER-DELIVERED,7,47616000,34114000,39908000,True,2024-06-01 00:00:00,2024-06-01 00:00:00,2024-06-01 00:00:00
userdefault@gmail.com,Điện Biên Phủ,Thanh Khê,Đà Nẵng,2024-06-01 07:14:43,2024-06-05 07:14:43,ORDER-DELIVERED,7,47616000,34114000,39908000,True,2024-06-01 00:00:00,2024-06-01 00:00:00,2024-06-01 00:00:00
userdefault@gmail.com,Điện Biên Phủ,Thanh Khê,Đà Nẵng,2024-06-01 07:14:43,2024-06-05 07:14:43,ORDER-DELIVERED,7,47616000,34114000,39908000,True,2024-06-01 00:00:00,2024-06-01 00:00:00,2024-06-01 00:00:00
userdefault@gmail.com,Điện Biên Phủ,Thanh Khê,Đà Nẵng,2024-06-01 07:14:43,2024-06-05 07:14:43,ORDER-DELIVERED,7,47616000,34114000,39908000,True,2024-06-01 00:00:00,2024-06-01 00:00:00,2024-06-01 00:00:00
userdefault@gmail.com,Điện Biên Phủ,Thanh Khê,Đà Nẵng,2024-06-02 15:05:04,2024-06-06 15:05:04,ORDER-DELIVERED,6,37573000,13901000,26825000,True,2024-06-02 00:00:00,2024-06-02 00:00:00,2024-06-02 00:00:00
userdefault@gmail.com,Điện Biên Phủ,Thanh Khê,Đà Nẵng,2024-06-02 15:05:04,2024-06-06 15:05:04,ORDER-DELIVERED,6,37573000,13901000,26825000,True,2024-06-02 00:00:00,2024-06-02 00:00:00,2024-06-02 00:00:00
userdefault@gmail.com,Điện Biên Phủ,Thanh Khê,Đà Nẵng,2024-06-02 15:05:04,2024-06-06 15:05:04,ORDER-DELIVERED,6,37573000,13901000,26825000,True,2024-06-02 00:00:00,2024-06-02 00:00:00,2024-06-02 00:00:00
userdefault@gmail.com,Điện Biên Phủ,Thanh Khê,Đà Nẵng,2024-06-02 15:05:04,2024-06-06 15:05:04,ORDER-DELIVERED,6,37573000,13901000,26825000,True,2024-06-02 00:00:00,2024-06-02 00:00:00,2024-06-02 00:00:00
userdefault@gmail.com,Điện Biên Phủ,Thanh Khê,Đà Nẵng,2024-06-03 18:12:58,2024-06-07 18:12:58,ORDER-DELIVERED,3,42458000,11538000,37908000,True,2024-06-03 00:00:00,2024-06-03 00:00:00,2024-06-03 00:00:00
userdefault@gmail.com,Điện Biên Phủ,Thanh Khê,Đà Nẵng,2024-06-03 18:12:58,2024-06-07 18:12:58,ORDER-DELIVERED,3,42458000,11538000,37908000,True,2024-06-03 00:00:00,2024-06-03 00:00:00,2024-06-03 00:00:00
userdefault@gmail.com,Điện Biên Phủ,Thanh Khê,Đà Nẵng,2024-06-03 18:12:58,2024-06-07 18:12:58,ORDER-DELIVERED,3,42458000,11538000,37908000,True,2024-06-03 00:00:00,2024-06-03 00:00:00,2024-06-03 00:00:00
userdefault@gmail.com,Điện Biên Phủ,Thanh Khê,Đà Nẵng,2024-06-03 18:12:58,2024-06-07 18:12:58,ORDER-DELIVERED,3,42458000,11538000,37908000,True,2024-06-03 00:00:00,2024-06-03 00:00:00,2024-06-03 00:00:00
userdefault@gmail.com,Điện Biên Phủ,Thanh Khê,Đà Nẵng,2024-06-03 18:12:58,2024-06-07 18:12:58,ORDER-DELIVERED,3,42458000,11538000,37908000,True,2024-06-03 00:00:00,2024-06-03 00:00:00,2024-06-03 00:00:00
userdefault@gmail.com,Điện Biên Phủ,Thanh Khê,Đà Nẵng,2024-06-03 18:12:58,2024-06-07 18:12:58,ORDER-DELIVERED,3,42458000,11538000,37908000,True,2024-06-03 00:00:00,2024-06-03 00:00:00,2024-06-03 00:00:00
userdefault@gmail.com,Điện Biên Phủ,Thanh Khê,Đà Nẵng,2024-06-03 18:12:58,2024-06-07 18:12:58,ORDER-DELIVERED,3,42458000,11538000,37908000,True,2024-06-03 00:00:00,2024-06-03 00:00:00,2024-06-03 00:00:00
userdefault@gmail.com,Điện Biên Phủ,Thanh Khê,Đà Nẵng,2024-06-03 18:12:58,2024-06-07 18:12:58,ORDER-DELIVERED,3,42458000,11538000,37908000,True,2024-06-03 00:00:00,2024-06-03 00:00:00,2024-06-03 00:00:00
userdefault@gmail.com,Điện Biên Phủ,Thanh Khê,Đà Nẵng,2024-06-03 18:12:58,2024-06-07 18:12:58,ORDER-DELIVERED,3,42458000,11538000,37908000,True,2024-06-03 00:00:00,2024-06-03 00:00:00,2024-06-03 00:00:00
userdefault@gmail.com,Điện Biên Phủ,Thanh Khê,Đà Nẵng,2024-06-05 09:20:52,2024-06-07 09:20:52,ORDER-DELIVERED,6,30516000,25986000,28064000,True,2024-06-05 00:00:00,2024-06-05 00:00:00,2024-06-05 00:00:00
userdefault@gmail.com,Điện Biên Phủ,Thanh Khê,Đà Nẵng,2024-06-05 09:20:52,2024-06-07 09:20:52,ORDER-DELIVERED,6,30516000,25986000,28064000,True,2024-06-05 00:00:00,2024-06-05 00:00:00,2024-06-05 00:00:00
userdefault@gmail.com,Điện Biên Phủ,Thanh Khê,Đà Nẵng,2024-06-05 14:38:14,2024-06-08 14:38:14,ORDER-DELIVERED,6,44013000,17189000,34257000,True,2024-06-05 00:00:00,2024-06-05 00:00:00,2024-06-05 00:00:00
userdefault@gmail.com,Điện Biên Phủ,Thanh Khê,Đà Nẵng,2024-06-06 11:53:41,2024-06-10 11:53:41,ORDER-DELIVERED,9,33390000,13317000,31118000,True,2024-06-06 00:00:00,2024-06-06 00:00:00,2024-06-06 00:00:00
userdefault@gmail.com,Điện Biên Phủ,Thanh Khê,Đà Nẵng,2024-06-06 11:53:41,2024-06-10 11:53:41,ORDER-DELIVERED,9,33390000,13317000,31118000,True,2024-06-06 00:00:00,2024-06-06 00:00:00,2024-06-06 00:00:00
userdefault@gmail.com,Điện Biên Phủ,Thanh Khê,Đà Nẵng,2024-06-06 11:53:41,2024-06-10 11:53:41,ORDER-DELIVERED,9,33390000,13317000,31118000,True,2024-06-06 00:00:00,2024-06-06 00:00:00,2024-06-06 00:00:00
userdefault@gmail.com,Điện Biên Phủ,Thanh Khê,Đà Nẵng,2024-06-06 11:53:41,2024-06-10 11:53:41,ORDER-DELIVERED,9,33390000,13317000,31118000,True,2024-06-06 00:00:00,2024-06-06 00:00:00,2024-06-06 00:00:00
userdefault@gmail.com,Điện Biên Phủ,Thanh Khê,Đà Nẵng,2024-06-06 11:53:41,2024-06-10 11:53:41,ORDER-DELIVERED,9,33390000,13317000,31118000,True,2024-06-06 00:00:00,2024-06-06 00:00:00,2024-06-06 00:00:00
userdefault@gmail.com,Điện Biên Phủ,Thanh Khê,Đà Nẵng,2024-06-06 11:53:41,2024-06-10 11:53:41,ORDER-DELIVERED,9,33390000,13317000,31118000,True,2024-06-06 00:00:00,2024-06-06 00:00:00,2024-06-06 00:00:00
userdefault@gmail.com,Điện Biên Phủ,Thanh Khê,Đà Nẵng,2024-06-06 11:53:41,2024-06-10 11:53:41,ORDER-DELIVERED,9,33390000,13317000,31118000,True,2024-06-06 00:00:00,2024-06-06 00:00:00,2024-06-06 00:00:00
userdefault@gmail.com,Điện Biên Phủ,Thanh Khê,Đà Nẵng,2024-06-06 11:53:41,2024-06-10 11:53:41,ORDER-DELIVERED,9,33390000,13317000,31118000,True,2024-06-06 00:00:00,2024-06-06 00:00:00,2024-06-06 00:00:00
userdefault@gmail.com,Điện Biên Phủ,Thanh Khê,Đà Nẵng,2024-06-06 11:53:41,2024-06-10 11:53:41,ORDER-DELIVERED,9,33390000,13317000,31118000,True,2024-06-06 00:00:00,2024-06-06 00:00:00,2024-06-06 00:00:00
userdefault@gmail.com,Điện Biên Phủ,Thanh Khê,Đà Nẵng,2024-06-07 16:40:34,2024-06-12 16:40:34,ORDER-DELIVERED,9,38736000,20319000,26637000,True,2024-06-07 00:00:00,2024-06-07 00:00:00,2024-06-07 00:00:00
userdefault@gmail.com,Điện Biên Phủ,Thanh Khê,Đà Nẵng,2024-06-07 16:40:34,2024-06-12 16:40:34,ORDER-DELIVERED,9,38736000,20319000,26637000,True,2024-06-07 00:00:00,2024-06-07 00:00:00,2024-06-07 00:00:00
userdefault@gmail.com,Điện Biên Phủ,Thanh Khê,Đà Nẵng,2024-06-07 16:40:34,2024-06-12 16:40:34,ORDER-DELIVERED,9,38736000,20319000,26637000,True,2024-06-07 00:00:00,2024-06-07 00:00:00,2024-06-07 00:00:00
userdefault@gmail.com,Điện Biên Phủ,Thanh Khê,Đà Nẵng,2024-06-07 16:40:34,2024-06-12 16:40:34,ORDER-DELIVERED,9,38736000,20319000,26637000,True,2024-06-07 00:00:00,2024-06-07 00:00:00,2024-06-07 00:00:00
userdefault@gmail.com,Điện Biên Phủ,Thanh Khê,Đà Nẵng,2024-06-07 16:40:34,2024-06-12 16:40:34,ORDER-DELIVERED,9,38736000,20319000,26637000,True,2024-06-07 00:00:00,2024-06-07 00:00:00,2024-06-07 00:00:00
userdefault@gmail.com,Điện Biên Phủ,Thanh Khê,Đà Nẵng,2024-06-07 16:40:34,2024-06-12 16:40:34,ORDER-DELIVERED,9,38736000,20319000,26637000,True,2024-06-07 00:00:00,2024-06-07 00:00:00,2024-06-07 00:00:00
userdefault@gmail.com,Điện Biên Phủ,Thanh Khê,Đà Nẵng,2024-06-07 16:40:34,2024-06-12 16:40:34,ORDER-DELIVERED,9,38736000,20319000,26637000,True,2024-06-07 00:00:00,2024-06-07 00:00:00,2024-06-07 00:00:00
userdefault@gmail.com,Điện Biên Phủ,Thanh Khê,Đà Nẵng,2024-06-07 16:40:34,2024-06-12 16:40:34,ORDER-DELIVERED,9,38736000,20319000,26637000,True,2024-06-07 00:00:00,2024-06-07 00:00:00,2024-06-07 00:00:00
userdefault@gmail.com,Điện Biên Phủ,Thanh Khê,Đà Nẵng,2024-06-07 16:40:34,2024-06-12 16:40:34,ORDER-DELIVERED,9,38736000,20319000,26637000,True,2024-06-07 00:00:00,2024-06-07 00:00:00,2024-06-07 00:00:00
userdefault@gmail.com,Điện Biên Phủ,Thanh Khê,Đà Nẵng,2024-06-07 16:40:34,2024-06-12 16:40:34,ORDER-DELIVERED,9,38736000,20319000,26637000,True,2024-06-07 00:00:00,2024-06-07 00:00:00,2024-06-07 00:00:00
userdefault@gmail.com,Điện Biên Phủ,Thanh Khê,Đà Nẵng,2024-06-07 16:40:34,2024-06-12 16:40:34,ORDER-DELIVERED,9,38736000,20319000,26637000,True,2024-06-07 00:00:00,2024-06-07 00:00:00,2024-06-07 00:00:00
userdefault@gmail.com,Điện Biên Phủ,Thanh Khê,Đà Nẵng,2024-06-07 16:40:34,2024-06-12 16:40:34,ORDER-DELIVERED,9,38736000,20319000,26637000,True,2024-06-07 00:00:00,2024-06-07 00:00:00,2024-06-07 00:00:00
userdefault@gmail.com,Điện Biên Phủ,Thanh Khê,Đà Nẵng,2024-06-10 09:09:01,2024-06-13 09:09:01,ORDER-DELIVERED,9,49884000,20106000,28078000,True,2024-06-10 00:00:00,2024-06-10 00:00:00,2024-06-10 00:00:00
userdefault@gmail.com,Điện Biên Phủ,Thanh Khê,Đà Nẵng,2024-06-10 09:09:01,2024-06-13 09:09:01,ORDER-DELIVERED,9,49884000,20106000,28078000,True,2024-06-10 00:00:00,2024-06-10 00:00:00,2024-06-10 00:00:00
userdefault@gmail.com,Điện Biên Phủ,Thanh Khê,Đà Nẵng,2024-06-10 09:09:01,2024-06-13 09:09:01,ORDER-DELIVERED,9,49884000,20106000,28078000,True,2024-06-10 00:00:00,2024-06-10 00:00:00,2024-06-10 00:00:00
userdefault@gmail.com,Điện Biên Phủ,Thanh Khê,Đà Nẵng,2024-06-10 09:09:01,2024-06-13 09:09:01,ORDER-DELIVERED,9,49884000,20106000,28078000,True,2024-06-10 00:00:00,2024-06-10 00:00:00,2024-06-10 00:00:00
userdefault@gmail.com,Điện Biên Phủ,Thanh Khê,Đà Nẵng,2024-06-10 09:09:01,2024-06-13 09:09:01,ORDER-DELIVERED,9,49884000,20106000,28078000,True,2024-06-10 00:00:00,2024-06-10 00:00:00,2024-06-10 00:00:00
userdefault@gmail.com,Điện Biên Phủ,Thanh Khê,Đà Nẵng,2024-06-10 09:09:01,2024-06-13 09:09:01,ORDER-DELIVERED,9,49884000,20106000,28078000,True,2024-06-10 00:00:00,2024-06-10 00:00:00,2024-06-10 00:00:00
userdefault@gmail.com,Điện Biên Phủ,Thanh Khê,Đà Nẵng,2024-06-10 09:09:01,2024-06-13 09:09:01,ORDER-DELIVERED,9,49884000,20106000,28078000,True,2024-06-10 00:00:00,2024-06-10 00:00:00,2024-06-10 00:00:00
userdefault@gmail.com,Điện Biên Phủ,Thanh Khê,Đà Nẵng,2024-06-11 12:43:44,2024-06-15 12:43:44,ORDER-DELIVERED,5,39574000,23108000,31397000,True,2024-06-11 00:00:00,2024-06-11 00:00:00,2024-06-11 00:00:00
userdefault@gmail.com,Điện Biên Phủ,Thanh Khê,Đà Nẵng,2024-06-11 12:43:44,2024-06-15 12:43:44,ORDER-DELIVERED,5,39574000,23108000,31397000,True,2024-06-11 00:00:00,2024-06-11 00:00:00,2024-06-11 00:00:00
userdefault@gmail.com,Điện Biên Phủ,Thanh Khê,Đà Nẵng,2024-06-11 12:43:44,2024-06-15 12:43:44,ORDER-DELIVERED,5,39574000,23108000,31397000,True,2024-06-11 00:00:00,2024-06-11 00:00:00,2024-06-11 00:00:00
userdefault@gmail.com,Điện Biên Phủ,Thanh Khê,Đà Nẵng,2024-06-12 12:03:27,2024-06-18 12:03:27,ORDER-DELIVERED,10,41911000,37527000,41300000,True,2024-06-12 00:00:00,2024-06-12 00:00:00,2024-06-12 00:00:00
userdefault@gmail.com,Điện Biên Phủ,Thanh Khê,Đà Nẵng,2024-06-12 12:03:27,2024-06-18 12:03:27,ORDER-DELIVERED,10,41911000,37527000,41300000,True,2024-06-12 00:00:00,2024-06-12 00:00:00,2024-06-12 00:00:00
userdefault@gmail.com,Điện Biên Phủ,Thanh Khê,Đà Nẵng,2024-06-12 18:14:13,2024-06-14 18:14:13,ORDER-DELIVERED,1,47872000,10038000,18900000,True,2024-06-12 00:00:00,2024-06-12 00:00:00,2024-06-12 00:00:00
userdefault@gmail.com,Điện Biên Phủ,Thanh Khê,Đà Nẵng,2024-06-12 18:14:13,2024-06-14 18:14:13,ORDER-DELIVERED,1,47872000,10038000,18900000,True,2024-06-12 00:00:00,2024-06-12 00:00:00,2024-06-12 00:00:00
userdefault@gmail.com,Điện Biên Phủ,Thanh Khê,Đà Nẵng,2024-06-12 18:14:13,2024-06-14 18:14:13,ORDER-DELIVERED,1,47872000,10038000,18900000,True,2024-06-12 00:00:00,2024-06-12 00:00:00,2024-06-12 00:00:00
userdefault@gmail.com,Điện Biên Phủ,Thanh Khê,Đà Nẵng,2024-06-13 15:44:52,2024-06-17 15:44:52,ORDER-DELIVERED,8,41299000,19032000,30739000,True,2024-06-13 00:00:00,2024-06-13 00:00:00,2024-06-13 00:00:00
userdefault@gmail.com,Điện Biên Phủ,Thanh Khê,Đà Nẵng,2024-06-13 15:44:52,2024-06-17 15:44:52,ORDER-DELIVERED,8,41299000,19032000,30739000,True,2024-06-13 00:00:00,2024-06-13 00:00:00,2024-06-13 00:00:00
userdefault@gmail.com,Điện Biên Phủ,Thanh Khê,Đà Nẵng,2024-06-13 15:44:52,2024-06-17 15:44:52,ORDER-DELIVERED,8,41299000,19032000,30739000,True,2024-06-13 00:00:00,2024-06-13 00:00:00,2024-06-13 00:00:00
userdefault@gmail.com,Điện Biên Phủ,Thanh Khê,Đà Nẵng,2024-06-13 08:07:18,2024-06-20 08:07:18,ORDER-DELIVERED,6,41363000,30872000,37961000,True,2024-06-13 00:00:00,2024-06-13 00:00:00,2024-06-13 00:00:00
userdefault@gmail.com,Điện Biên Phủ,Thanh Khê,Đà Nẵng,2024-06-14 19:12:49,2024-06-16 19:12:49,ORDER-DELIVERED,2,44048000,8159000,36222000,True,2024-06-14 00:00:00,2024-06-14 00:00:00,2024-06-14 00:00:00
userdefault@gmail.com,Điện Biên Phủ,Thanh Khê,Đà Nẵng,2024-06-14 19:12:49,2024-06-16 19:12:49,ORDER-DELIVERED,2,44048000,8159000,36222000,True,2024-06-14 00:00:00,2024-06-14 00:00:00,2024-06-14 00:00:00
userdefault@gmail.com,Điện Biên Phủ,Thanh Khê,Đà Nẵng,2024-06-14 19:12:49,2024-06-16 19:12:49,ORDER-DELIVERED,2,44048000,8159000,36222000,True,2024-06-14 00:00:00,2024-06-14 00:00:00,2024-06-14 00:00:00
userdefault@gmail.com,Điện Biên Phủ,Thanh Khê,Đà Nẵng,2024-06-14 19:12:49,2024-06-16 19:12:49,ORDER-DELIVERED,2,44048000,8159000,36222000,True,2024-06-14 00:00:00,2024-06-14 00:00:00,2024-06-14 00:00:00
userdefault@gmail.com,Điện Biên Phủ,Thanh Khê,Đà Nẵng,2024-06-14 19:12:49,2024-06-16 19:12:49,ORDER-DELIVERED,2,44048000,8159000,36222000,True,2024-06-14 00:00:00,2024-06-14 00:00:00,2024-06-14 00:00:00
userdefault@gmail.com,Điện Biên Phủ,Thanh Khê,Đà Nẵng,2024-06-14 19:12:49,2024-06-16 19:12:49,ORDER-DELIVERED,2,44048000,8159000,36222000,True,2024-06-14 00:00:00,2024-06-14 00:00:00,2024-06-14 00:00:00
userdefault@gmail.com,Điện Biên Phủ,Thanh Khê,Đà Nẵng,2024-06-14 19:12:49,2024-06-16 19:12:49,ORDER-DELIVERED,2,44048000,8159000,36222000,True,2024-06-14 00:00:00,2024-06-14 00:00:00,2024-06-14 00:00:00
userdefault@gmail.com,Điện Biên Phủ,Thanh Khê,Đà Nẵng,2024-06-14 19:12:49,2024-06-16 19:12:49,ORDER-DELIVERED,2,44048000,8159000,36222000,True,2024-06-14 00:00:00,2024-06-14 00:00:00,2024-06-14 00:00:00
userdefault@gmail.com,Điện Biên Phủ,Thanh Khê,Đà Nẵng,2024-06-14 19:12:49,2024-06-16 19:12:49,ORDER-DELIVERED,2,44048000,8159000,36222000,True,2024-06-14 00:00:00,2024-06-14 00:00:00,2024-06-14 00:00:00
userdefault@gmail.com,Điện Biên Phủ,Thanh Khê,Đà Nẵng,2024-06-15 19:54:28,2024-06-16 19:54:28,ORDER-DELIVERED,1,44340000,9520000,12272000,True,2024-06-15 00:00:00,2024-06-15 00:00:00,2024-06-15 00:00:00
userdefault@gmail.com,Điện Biên Phủ,Thanh Khê,Đà Nẵng,2024-06-15 19:54:28,2024-06-16 19:54:28,ORDER-DELIVERED,1,44340000,9520000,12272000,True,2024-06-15 00:00:00,2024-06-15 00:00:00,2024-06-15 00:00:00
userdefault@gmail.com,Điện Biên Phủ,Thanh Khê,Đà Nẵng,2024-06-15 19:54:28,2024-06-16 19:54:28,ORDER-DELIVERED,1,44340000,9520000,12272000,True,2024-06-15 00:00:00,2024-06-15 00:00:00,2024-06-15 00:00:00
userdefault@gmail.com,Điện Biên Phủ,Thanh Khê,Đà Nẵng,2024-06-15 19:54:28,2024-06-16 19:54:28,ORDER-DELIVERED,1,44340000,9520000,12272000,True,2024-06-15 00:00:00,2024-06-15 00:00:00,2024-06-15 00:00:00
userdefault@gmail.com,Điện Biên Phủ,Thanh Khê,Đà Nẵng,2024-06-15 19:54:28,2024-06-16 19:54:28,ORDER-DELIVERED,1,44340000,9520000,12272000,True,2024-06-15 00:00:00,2024-06-15 00:00:00,2024-06-15 00:00:00
userdefault@gmail.com,Điện Biên Phủ,Thanh Khê,Đà Nẵng,2024-06-16 13:09:56,2024-06-21 13:09:56,ORDER-DELIVERED,8,22381000,11942000,12351000,True,2024-06-16 00:00:00,2024-06-16 00:00:00,2024-06-16 00:00:00
userdefault@gmail.com,Điện Biên Phủ,Thanh Khê,Đà Nẵng,2024-06-16 13:09:56,2024-06-21 13:09:56,ORDER-DELIVERED,8,22381000,11942000,12351000,True,2024-06-16 00:00:00,2024-06-16 00:00:00,2024-06-16 00:00:00
userdefault@gmail.com,Điện Biên Phủ,Thanh Khê,Đà Nẵng,2024-06-16 13:09:56,2024-06-21 13:09:56,ORDER-DELIVERED,8,22381000,11942000,12351000,True,2024-06-16 00:00:00,2024-06-16 00:00:00,2024-06-16 00:00:00
userdefault@gmail.com,Điện Biên Phủ,Thanh Khê,Đà Nẵng,2024-06-16 13:09:56,2024-06-21 13:09:56,ORDER-DELIVERED,8,22381000,11942000,12351000,True,2024-06-16 00:00:00,2024-06-16 00:00:00,2024-06-16 00:00:00
userdefault@gmail.com,Điện Biên Phủ,Thanh Khê,Đà Nẵng,2024-06-17 19:42:42,2024-06-19 19:42:42,ORDER-DELIVERED,6,41328000,32767000,41277000,True,2024-06-17 00:00:00,2024-06-17 00:00:00,2024-06-17 00:00:00
userdefault@gmail.com,Điện Biên Phủ,Thanh Khê,Đà Nẵng,2024-06-17 15:42:37,2024-06-23 15:42:37,ORDER-DELIVERED,6,43652000,14121000,28302000,True,2024-06-17 00:00:00,2024-06-17 00:00:00,2024-06-17 00:00:00
userdefault@gmail.com,Điện Biên Phủ,Thanh Khê,Đà Nẵng,2024-06-18 12:47:06,2024-06-25 12:47:06,ORDER-DELIVERED,7,39871000,10790000,13626000,True,2024-06-18 00:00:00,2024-06-18 00:00:00,2024-06-18 00:00:00
userdefault@gmail.com,Điện Biên Phủ,Thanh Khê,Đà Nẵng,2024-06-18 13:13:08,2024-06-25 13:13:08,ORDER-DELIVERED,5,17325000,15902000,16820000,True,2024-06-18 00:00:00,2024-06-18 00:00:00,2024-06-18 00:00:00
userdefault@gmail.com,Điện Biên Phủ,Thanh Khê,Đà Nẵng,2024-06-18 13:13:08,2024-06-25 13:13:08,ORDER-DELIVERED,5,17325000,15902000,16820000,True,2024-06-18 00:00:00,2024-06-18 00:00:00,2024-06-18 00:00:00
userdefault@gmail.com,Điện Biên Phủ,Thanh Khê,Đà Nẵng,2024-06-18 13:13:08,2024-06-25 13:13:08,ORDER-DELIVERED,5,17325000,15902000,16820000,True,2024-06-18 00:00:00,2024-06-18 00:00:00,2024-06-18 00:00:00
userdefault@gmail.com,Điện Biên Phủ,Thanh Khê,Đà Nẵng,2024-06-18 13:13:08,2024-06-25 13:13:08,ORDER-DELIVERED,5,17325000,15902000,16820000,True,2024-06-18 00:00:00,2024-06-18 00:00:00,2024-06-18 00:00:00
userdefault@gmail.com,Điện Biên Phủ,Thanh Khê,Đà Nẵng,2024-06-18 13:13:08,2024-06-25 13:13:08,ORDER-DELIVERED,5,17325000,15902000,16820000,True,2024-06-18 00:00:00,2024-06-18 00:00:00,2024-06-18 00:00:00
userdefault@gmail.com,Điện Biên Phủ,Thanh Khê,Đà Nẵng,2024-06-18 13:13:08,2024-06-25 13:13:08,ORDER-DELIVERED,5,17325000,15902000,16820000,True,2024-06-18 00:00:00,2024-06-18 00:00:00,2024-06-18 00:00:00
userdefault@gmail.com,Điện Biên Phủ,Thanh Khê,Đà Nẵng,2024-06-18 13:13:08,2024-06-25 13:13:08,ORDER-DELIVERED,5,17325000,15902000,16820000,True,2024-06-18 00:00:00,2024-06-18 00:00:00,2024-06-18 00:00:00
userdefault@gmail.com,Điện Biên Phủ,Thanh Khê,Đà Nẵng,2024-06-18 13:13:08,2024-06-25 13:13:08,ORDER-DELIVERED,5,17325000,15902000,16820000,True,2024-06-18 00:00:00,2024-06-18 00:00:00,2024-06-18 00:00:00
userdefault@gmail.com,Điện Biên Phủ,Thanh Khê,Đà Nẵng,2024-06-18 13:13:08,2024-06-25 13:13:08,ORDER-DELIVERED,5,17325000,15902000,16820000,True,2024-06-18 00:00:00,2024-06-18 00:00:00,2024-06-18 00:00:00
userdefault@gmail.com,Điện Biên Phủ,Thanh Khê,Đà Nẵng,2024-06-20 07:55:52,2024-06-25 07:55:52,ORDER-DELIVERED,5,47462000,13854000,21825000,True,2024-06-20 00:00:00,2024-06-20 00:00:00,2024-06-20 00:00:00
userdefault@gmail.com,Điện Biên Phủ,Thanh Khê,Đà Nẵng,2024-06-20 07:55:52,2024-06-25 07:55:52,ORDER-DELIVERED,5,47462000,13854000,21825000,True,2024-06-20 00:00:00,2024-06-20 00:00:00,2024-06-20 00:00:00
userdefault@gmail.com,Điện Biên Phủ,Thanh Khê,Đà Nẵng,2024-06-20 07:55:52,2024-06-25 07:55:52,ORDER-DELIVERED,5,47462000,13854000,21825000,True,2024-06-20 00:00:00,2024-06-20 00:00:00,2024-06-20 00:00:00
userdefault@gmail.com,Điện Biên Phủ,Thanh Khê,Đà Nẵng,2024-06-20 07:55:52,2024-06-25 07:55:52,ORDER-DELIVERED,5,47462000,13854000,21825000,True,2024-06-20 00:00:00,2024-06-20 00:00:00,2024-06-20 00:00:00
userdefault@gmail.com,Điện Biên Phủ,Thanh Khê,Đà Nẵng,2024-06-20 07:55:52,2024-06-25 07:55:52,ORDER-DELIVERED,5,47462000,13854000,21825000,True,2024-06-20 00:00:00,2024-06-20 00:00:00,2024-06-20 00:00:00
